Order_ID,Order_Date,Month,Days,Customer_Name,Customer_Type,Customer_Segment,City,Payment_Method,SKU,Product_Name,Category,Qty,Price,Discount,Subtotal,Tax,Delivery_Fee,Surge_Fee,Delivery_Slot,Delivery_Status,Delivery_Time,Sales
O0001,08-02-2025,2,8,Cust_0,Bulk,Bakery,Mumbai,Wallet,SKU0,Product_0,Veg,2,94.25,9.43,179.07,8.95,0,10,10-20 min,Delivered,12.0,198.02
O0002,21-02-2025,2,21,Cust_1,Bulk,Bakery,Mumbai,UPI,SKU1,Product_1,Essentials,1,18.45,1.84,16.61,0.83,0,0,20-30 min,Cancelled,24.6,17.44
O0003,29-01-2025,1,29,Cust_2,Bulk,Café,Delhi,UPI,SKU2,Product_2,Fruits,6,59.27,2.96,352.66,17.63,0,0,10-20 min,Delivered,8.0,370.29
O0004,15-01-2025,1,15,Cust_3,Bulk,Bakery,Bangalore,UPI,SKU3,Product_3,Frozen,2,168.45,25.27,311.63,15.58,0,10,10-20 min,Delivered,21.0,337.21
O0005,12-02-2025,2,12,Cust_4,Bulk,Bakery,Bangalore,UPI,SKU4,Product_4,Snacks,6,52.47,7.87,306.95,15.35,0,0,10-20 min,Delivered,23.0,322.3
O0006,08-01-2025,1,8,Cust_5,Bulk,Café,Delhi,NetBanking,SKU5,Product_5,Other,5,78.11,3.91,386.64,19.33,30,15,20-30 min,Delivered,18.0,450.97
O0007,21-01-2025,1,21,Cust_6,Bulk,Bakery,Bangalore,UPI,SKU6,Product_6,Bakery,1,103.87,5.19,98.68,4.93,20,0,30-45 min,Delivered,13.0,123.61
O0008,08-02-2025,2,8,Cust_7,Bulk,Bakery,Delhi,COD,SKU7,Product_7,Frozen,3,129.5,12.95,375.55,18.78,20,10,20-30 min,Delivered,16.0,424.33
O0009,27-02-2025,2,27,Cust_8,Bulk,Office,Mumbai,UPI,SKU8,Product_8,Snacks,1,131.89,0.0,131.89,6.59,10,0,10-20 min,Delivered,23.0,148.48
O0010,19-01-2025,1,19,Cust_9,Bulk,Cloud Kitchen,Delhi,UPI,SKU9,Product_9,Dairy,1,207.92,20.79,187.13,9.36,30,0,10-20 min,Delivered,17.0,226.49
O0011,23-01-2025,1,23,Cust_10,New,Household,Delhi,Wallet,SKU10,Product_10,Dairy,3,134.09,13.41,388.86,19.44,20,0,20-30 min,Failed,24.6,428.3
O0012,11-01-2025,1,11,Cust_11,Bulk,Cloud Kitchen,Delhi,UPI,SKU11,Product_11,Fruits ,6,86.17,0.0,517.02,25.85,10,5,10-20 min,Delivered,10.0,557.87
O0013,11-01-2025,1,11,Cust_12,Bulk,Cloud Kitchen,Mumbai,UPI,SKU12,Product_12,Frozen,3,104.71,5.24,308.89,15.44,10,20,10-20 min,Delivered,16.0,354.33
O0014,24-01-2025,1,24,Cust_13,Bulk,Office,Mumbai,Card,SKU13,Product_13,Baby,4,204.9,20.49,799.11,39.96,0,0,10-20 min,Cancelled,24.6,839.07
O0015,22-02-2025,2,22,Cust_14,Returning,Household,Mumbai,UPI,SKU14,Product_14,Bakery,3,193.33,0.0,579.99,29.0,30,20,20-30 min,Delivered,3.0,658.99
O0016,05-02-2025,2,5,Cust_15,Bulk,Tea Stall,Bangalore,Wallet,SKU15,Product_15,Fruits,3,35.35,3.54,102.51,5.13,30,0,30-45 min,Delivered,25.0,137.64
O0017,09-02-2025,2,9,Cust_16,Bulk,Tea Stall,Delhi,COD,SKU16,Product_16,Snacks,2,128.59,6.43,250.75,12.54,0,5,10-20 min,Delivered,34.0,268.29
O0018,24-01-2025,1,24,Cust_17,Bulk,Tea Stall,Mumbai,UPI,SKU17,Product_17,Baby,5,145.22,7.26,718.84,35.94,20,5,10-20 min,Returned,24.6,779.78
O0019,03-01-2025,1,3,Cust_18,Bulk,Bakery,Bangalore,PhonePe,SKU18,Product_18,Essentials,1,156.96,23.54,133.42,6.67,10,5,10-20 min,Delivered,18.0,155.09
O0020,22-01-2025,1,22,Cust_19,Bulk,Office,Bangalore,UPI,SKU19,Product_19,Essentials,2,19.81,0.0,39.62,1.98,20,20,10-20 min,Delivered,42.0,81.6
O0021,22-02-2025,2,22,Cust_20,Bulk,Café,Mumbai,UPI,SKU20,Product_20,Beverages,3,164.88,16.49,478.15,23.91,30,10,10-20 min,Failed,24.6,542.06
O0022,02-01-2025,1,2,Cust_21,Bulk,Bakery,Bangalore,UPI,SKU21,Product_21,Beverages,2,185.31,27.8,342.82,17.14,10,0,20-30 min,Delivered,32.0,369.96
O0023,24-01-2025,1,24,Cust_22,Bulk,Café,Delhi,NetBanking,SKU22,Product_22,Veg,1,4.92,0.25,4.67,0.23,10,15,20-30 min,Delivered,41.0,29.9
O0024,13-02-2025,2,13,Cust_23,Bulk,Bakery,Bangalore,UPI,SKU23,Product_23,Fruits ,1,143.95,7.2,136.75,6.84,30,5,10-20 min,Delivered,27.0,178.59
O0025,30-01-2025,1,30,Cust_24,New,Household,Bangalore,GPay,SKU24,Product_24,Beverages,3,99.86,14.98,284.6,14.23,20,5,10-20 min,Delivered,38.0,323.83
O0026,07-02-2025,2,7,Cust_25,Bulk,Office,Delhi,UPI,SKU25,Product_25,Baby,3,17.39,0.0,52.17,2.61,0,10,10-20 min,Delivered,11.0,64.78
O0027,02-01-2025,1,2,Cust_26,Bulk,Tea Stall,Mumbai,UPI,SKU26,Product_26,Beverages,2,42.69,0.0,85.38,4.27,10,15,10-20 min,Delivered,26.0,114.65
O0028,01-03-2025,3,1,Cust_27,Bulk,Bakery,Mumbai,UPI,SKU27,Product_27,Essentials,3,61.3,0.0,183.9,9.19,30,15,10-20 min,Delivered,45.0,238.09
O0029,21-01-2025,1,21,Cust_28,Bulk,Office,Bangalore,UPI,SKU28,Product_28,Fruits ,4,86.32,4.32,340.96,17.05,0,0,10-20 min,Delivered,28.0,358.01
O0030,02-02-2025,2,2,Cust_29,Bulk,Tea Stall,Delhi,PhonePe,SKU29,Product_29,Fruits,1,65.42,6.54,58.88,2.94,0,5,10-20 min,Delivered,41.0,66.82
O0031,12-01-2025,1,12,Cust_30,Returning,Household,Bangalore,COD,SKU30,Product_30,Veg,6,9.55,1.43,55.87,2.79,20,10,10-20 min,Delivered,12.0,88.66
O0032,27-02-2025,2,27,Cust_31,Bulk,Cloud Kitchen,Bangalore,PhonePe,SKU31,Product_31,Dairy,2,131.91,13.19,250.63,12.53,0,15,10-20 min,Delivered,22.0,278.16
O0033,22-01-2025,1,22,Cust_32,Bulk,Tea Stall,Bangalore,Wallet,SKU32,Product_32,Beverages,5,164.88,16.49,807.91,40.4,20,20,20-30 min,Failed,24.6,888.31
O0035,25-01-2025,1,25,Cust_34,Bulk,Bakery,Mumbai,UPI,SKU34,Product_34,Veg,4,28.85,4.33,111.07,5.55,30,0,10-20 min,Returned,24.6,146.62
O0036,18-02-2025,2,18,Cust_35,New,Household,Bangalore,COD,SKU35,Product_35,Snacks,2,257.91,25.79,490.03,24.5,0,15,30-45 min,Failed,24.6,529.53
O0037,27-01-2025,1,27,Cust_36,Bulk,Cloud Kitchen,Bangalore,UPI,SKU36,Product_36,Other,1,13.17,1.98,11.19,0.56,0,0,10-20 min,Cancelled,24.6,11.75
O0038,28-02-2025,2,28,Cust_37,Bulk,Office,Delhi,Card,SKU37,Product_37,Fruits ,1,258.17,38.73,219.44,10.97,10,15,10-20 min,Delivered,29.0,255.41
O0039,11-02-2025,2,11,Cust_38,Bulk,Office,Bangalore,UPI,SKU38,Product_38,Dairy,4,101.53,10.15,395.97,19.8,30,15,20-30 min,Delivered,18.0,460.77
O0040,28-01-2025,1,28,Cust_39,Bulk,Bakery,Delhi,Wallet,SKU39,Product_39,Dairy,4,180.61,27.09,695.35,34.77,30,0,10-20 min,Delivered,26.0,760.12
O0041,01-03-2025,3,1,Cust_40,New,Household,Mumbai,GPay,SKU40,Product_40,Fruits,1,161.5,24.22,137.28,6.86,0,0,10-20 min,Delivered,37.0,144.14
O0042,16-01-2025,1,16,Cust_41,Bulk,Office,Mumbai,UPI,SKU41,Product_41,Fruits ,4,202.08,30.31,778.0100000000001,38.9,20,0,20-30 min,Delivered,24.0,836.9100000000001
O0043,15-01-2025,1,15,Cust_42,Bulk,Bakery,Delhi,UPI,SKU42,Product_42,Frozen,1,103.0,5.15,97.85,4.89,20,20,10-20 min,Delivered,26.0,142.74
O0044,16-02-2025,2,16,Cust_43,New,Household,Delhi,NetBanking,SKU43,Product_43,Snacks,3,87.94,0.0,263.82,13.19,0,15,10-20 min,Cancelled,24.6,292.01
O0045,20-02-2025,2,20,Cust_44,Bulk,Tea Stall,Delhi,PhonePe,SKU44,Product_44,Snacks,1,276.36,0.0,276.36,13.82,30,15,20-30 min,Delivered,29.0,335.18
O0046,13-02-2025,2,13,Cust_45,New,Household,Delhi,UPI,SKU45,Product_45,Fruits ,2,201.41,0.0,402.82,20.14,30,5,10-20 min,Delivered,21.0,457.96
O0047,24-02-2025,2,24,Cust_46,Bulk,Cloud Kitchen,Bangalore,NetBanking,SKU46,Product_46,Beverages,2,173.19,25.98,320.4,16.02,0,15,20-30 min,Delivered,38.0,351.42
O0048,21-02-2025,2,21,Cust_47,Bulk,Tea Stall,Delhi,NetBanking,SKU47,Product_47,Veg,5,93.93,14.09,455.5600000000001,22.78,0,15,10-20 min,Returned,24.6,493.34
O0049,26-02-2025,2,26,Cust_48,Bulk,Tea Stall,Bangalore,PhonePe,SKU48,Product_48,Fruits ,2,4.8,0.0,9.6,0.48,0,5,10-20 min,Delivered,12.0,15.08
O0050,03-01-2025,1,3,Cust_49,Bulk,Cloud Kitchen,Bangalore,UPI,SKU49,Product_49,Frozen,3,203.32,0.0,609.96,30.5,0,20,10-20 min,Delivered,33.0,660.46
O0051,06-02-2025,2,6,Cust_50,Bulk,Bakery,Delhi,UPI,SKU50,Product_50,Beverages,3,106.91,5.35,315.38,15.77,30,10,20-30 min,Delivered,34.0,371.15
O0052,20-02-2025,2,20,Cust_51,Bulk,Café,Delhi,UPI,SKU51,Product_51,Bakery,4,122.82,6.14,485.14,24.26,20,10,20-30 min,Delivered,24.0,539.4
O0053,07-01-2025,1,7,Cust_52,Returning,Household,Bangalore,COD,SKU52,Product_52,Essentials,1,93.27,13.99,79.28,3.96,0,20,30-45 min,Delivered,39.0,103.24
O0054,21-01-2025,1,21,Cust_53,Bulk,Cloud Kitchen,Delhi,UPI,SKU53,Product_53,Bakery,1,167.62,8.38,159.24,7.96,0,0,20-30 min,Delivered,6.0,167.2
O0055,09-01-2025,1,9,Cust_54,Bulk,Café,Mumbai,NetBanking,SKU54,Product_54,Veg,2,59.75,2.99,116.51,5.83,0,0,10-20 min,Failed,24.6,122.34
O0056,08-02-2025,2,8,Cust_55,New,Household,Delhi,NetBanking,SKU55,Product_55,Fruits ,1,3.98,0.4,3.58,0.18,20,5,10-20 min,Delivered,12.0,28.76
O0057,18-01-2025,1,18,Cust_56,Bulk,Cloud Kitchen,Mumbai,Wallet,SKU56,Product_56,Other,4,107.16,16.07,412.57,20.63,0,15,30-45 min,Delivered,33.0,448.2
O0058,04-01-2025,1,4,Cust_57,Bulk,Café,Delhi,Card,SKU57,Product_57,Fruits ,3,190.03,0.0,570.09,28.5,10,20,20-30 min,Delivered,41.0,628.59
O0059,25-01-2025,1,25,Cust_58,Bulk,Tea Stall,Bangalore,Card,SKU58,Product_58,Frozen,2,89.93,4.5,175.36,8.77,10,20,20-30 min,Delivered,30.0,214.13
O0060,01-03-2025,3,1,Cust_59,Bulk,Office,Mumbai,Wallet,SKU59,Product_59,Snacks,5,125.79,0.0,628.95,31.45,30,10,10-20 min,Delivered,10.0,700.4000000000001
O0061,14-01-2025,1,14,Cust_60,Bulk,Café,Bangalore,Card,SKU60,Product_60,Frozen,1,130.64,0.0,130.64,6.53,10,5,20-30 min,Delivered,32.0,152.17
O0062,19-02-2025,2,19,Cust_61,Bulk,Office,Delhi,Wallet,SKU61,Product_61,Dairy,5,114.77,17.22,556.63,27.83,0,15,20-30 min,Delivered,34.0,599.46
O0063,27-02-2025,2,27,Cust_62,Bulk,Cloud Kitchen,Mumbai,NetBanking,SKU62,Product_62,Veg,1,67.3,3.37,63.93,3.2,10,20,10-20 min,Delivered,30.0,97.13
O0064,09-01-2025,1,9,Cust_63,Bulk,Tea Stall,Mumbai,Card,SKU63,Product_63,Veg,5,65.64,0.0,328.2,16.41,0,0,10-20 min,Delivered,34.0,344.61
O0065,26-01-2025,1,26,Cust_64,Bulk,Tea Stall,Bangalore,UPI,SKU64,Product_64,Dairy,3,82.14,12.32,234.1,11.71,0,0,20-30 min,Delivered,31.0,245.81
O0066,22-02-2025,2,22,Cust_65,Bulk,Office,Mumbai,NetBanking,SKU65,Product_65,Fruits ,1,122.6,0.0,122.6,6.13,10,10,10-20 min,Delivered,35.0,148.73
O0067,02-01-2025,1,2,Cust_66,Bulk,Café,Bangalore,Card,SKU66,Product_66,Dairy,5,52.09,0.0,260.45,13.02,10,0,10-20 min,Delivered,29.0,283.47
O0068,20-01-2025,1,20,Cust_67,Bulk,Cloud Kitchen,Bangalore,COD,SKU67,Product_67,Essentials,4,155.44,0.0,621.76,31.09,10,15,20-30 min,Delivered,36.0,677.85
O0069,28-01-2025,1,28,Cust_68,Bulk,Office,Delhi,UPI,SKU68,Product_68,Bakery,3,162.9,16.29,472.41,23.62,20,5,10-20 min,Delivered,28.0,521.03
O0070,16-02-2025,2,16,Cust_69,Bulk,Café,Delhi,GPay,SKU69,Product_69,Baby,1,109.97,5.5,104.47,5.22,30,5,20-30 min,Delivered,26.0,144.69
O0071,01-03-2025,3,1,Cust_70,Bulk,Office,Bangalore,Wallet,SKU70,Product_70,Other,3,110.85,0.0,332.55,16.63,30,5,10-20 min,Delivered,29.0,384.1799999999999
O0072,07-01-2025,1,7,Cust_71,Bulk,Tea Stall,Mumbai,UPI,SKU71,Product_71,Fruits ,3,73.07,3.65,215.56,10.78,20,10,10-20 min,Delivered,18.0,256.34
O0073,13-02-2025,2,13,Cust_72,New,Household,Delhi,GPay,SKU72,Product_72,Frozen,3,125.4,6.27,369.9300000000001,18.5,0,10,10-20 min,Delivered,22.0,398.4300000000001
O0074,08-01-2025,1,8,Cust_73,Bulk,Café,Mumbai,GPay,SKU73,Product_73,Frozen,3,134.96,20.24,384.64,19.23,30,10,20-30 min,Delivered,40.0,443.87
O0075,16-02-2025,2,16,Cust_74,Bulk,Cloud Kitchen,Mumbai,NetBanking,SKU74,Product_74,Snacks,5,33.51,1.68,165.87,8.29,20,20,10-20 min,Delivered,32.0,214.16
O0076,04-02-2025,2,4,Cust_75,Bulk,Cloud Kitchen,Delhi,PhonePe,SKU75,Product_75,Baby,4,93.21,9.32,363.52,18.18,20,10,10-20 min,Failed,24.6,411.7
O0077,14-01-2025,1,14,Cust_76,New,Household,Bangalore,UPI,SKU76,Product_76,Beverages,3,98.22,0.0,294.66,14.73,20,10,20-30 min,Delivered,26.0,339.39
O0078,17-01-2025,1,17,Cust_77,Bulk,Tea Stall,Bangalore,UPI,SKU77,Product_77,Veg,1,234.65,35.2,199.45,9.97,30,20,10-20 min,Delivered,28.0,259.42
O0079,05-02-2025,2,5,Cust_78,Bulk,Café,Bangalore,NetBanking,SKU78,Product_78,Beverages,1,188.2,28.23,159.97,8.0,30,15,10-20 min,Delivered,20.0,212.97
O0080,19-02-2025,2,19,Cust_79,Bulk,Office,Delhi,UPI,SKU79,Product_79,Snacks,1,232.87,11.64,221.23,11.06,20,5,10-20 min,Delivered,31.0,257.29
O0081,09-02-2025,2,9,Cust_80,Bulk,Café,Mumbai,UPI,SKU80,Product_80,Fruits ,2,46.21,0.0,92.42,4.62,20,5,10-20 min,Failed,24.6,122.04
O0082,04-01-2025,1,4,Cust_81,Bulk,Café,Delhi,COD,SKU81,Product_81,Baby,2,170.05,0.0,340.1,17.01,30,15,10-20 min,Delivered,20.0,402.11
O0083,02-01-2025,1,2,Cust_82,New,Household,Delhi,UPI,SKU82,Product_82,Other,2,98.72,4.94,192.5,9.62,0,5,30-45 min,Delivered,31.0,207.12
O0084,06-01-2025,1,6,Cust_83,Bulk,Cloud Kitchen,Bangalore,Wallet,SKU83,Product_83,Dairy,2,99.38,14.91,183.85,9.19,10,10,10-20 min,Delivered,40.0,213.04
O0085,23-02-2025,2,23,Cust_84,Returning,Household,Bangalore,UPI,SKU84,Product_84,Other,5,64.24,0.0,321.2,16.06,30,10,10-20 min,Delivered,12.0,377.26
O0086,11-02-2025,2,11,Cust_85,Returning,Household,Bangalore,UPI,SKU85,Product_85,Beverages,5,115.07,0.0,575.3499999999999,28.77,30,0,10-20 min,Delivered,36.0,634.1199999999999
O0087,04-01-2025,1,4,Cust_86,Bulk,Café,Bangalore,PhonePe,SKU86,Product_86,Beverages,2,91.09,4.55,177.63,8.88,30,10,10-20 min,Delivered,32.0,226.51
O0088,23-02-2025,2,23,Cust_87,Bulk,Tea Stall,Bangalore,GPay,SKU87,Product_87,Beverages,4,97.79,9.78,381.3800000000001,19.07,20,10,10-20 min,Delivered,25.0,430.45
O0089,29-01-2025,1,29,Cust_88,Bulk,Cloud Kitchen,Bangalore,GPay,SKU88,Product_88,Veg,4,104.59,10.46,407.9,20.4,10,0,10-20 min,Delivered,37.0,438.3
O0090,18-01-2025,1,18,Cust_89,Bulk,Café,Bangalore,NetBanking,SKU89,Product_89,Dairy,3,34.43,5.16,98.13,4.91,30,15,20-30 min,Delivered,31.0,148.04
O0091,26-01-2025,1,26,Cust_90,Bulk,Tea Stall,Mumbai,Wallet,SKU90,Product_90,Essentials,1,92.14,9.21,82.93,4.15,30,5,20-30 min,Failed,24.6,122.08
O0092,13-02-2025,2,13,Cust_91,Bulk,Bakery,Mumbai,PhonePe,SKU91,Product_91,Dairy,4,16.93,0.0,67.72,3.39,30,10,10-20 min,Delivered,20.0,111.11
O0093,03-02-2025,2,3,Cust_92,Returning,Household,Delhi,NetBanking,SKU92,Product_92,Fruits ,1,237.77,35.67,202.1,10.11,30,5,10-20 min,Delivered,21.0,247.21
O0094,10-01-2025,1,10,Cust_93,Bulk,Tea Stall,Mumbai,PhonePe,SKU93,Product_93,Essentials,5,164.53,16.45,806.1999999999999,40.31,30,15,10-20 min,Delivered,27.0,891.51
O0095,05-02-2025,2,5,Cust_94,Bulk,Café,Delhi,GPay,SKU94,Product_94,Essentials,3,104.2,15.63,296.97,14.85,10,5,10-20 min,Delivered,20.0,326.8200000000001
O0096,14-01-2025,1,14,Cust_95,Returning,Household,Delhi,COD,SKU95,Product_95,Dairy,2,50.5,0.0,101.0,5.05,20,0,10-20 min,Delivered,18.0,126.05
O0097,31-01-2025,1,31,Cust_96,Bulk,Tea Stall,Bangalore,PhonePe,SKU96,Product_96,Baby,1,67.42,3.37,64.05,3.2,10,5,10-20 min,Delivered,25.0,82.25
O0098,17-02-2025,2,17,Cust_97,Bulk,Tea Stall,Bangalore,UPI,SKU97,Product_97,Frozen,1,53.56,0.0,53.56,2.68,20,5,10-20 min,Delivered,42.0,81.24000000000001
O0099,15-01-2025,1,15,Cust_98,Bulk,Tea Stall,Mumbai,UPI,SKU98,Product_98,Beverages,4,141.11,7.06,557.3800000000001,27.87,10,10,10-20 min,Delivered,26.0,605.2500000000001
O0100,08-01-2025,1,8,Cust_99,Returning,Household,Delhi,UPI,SKU99,Product_99,Beverages,3,172.82,17.28,501.1800000000001,25.06,30,20,30-45 min,Delivered,25.0,576.24
O0101,14-01-2025,1,14,Cust_100,Bulk,Office,Bangalore,UPI,SKU100,Product_100,Frozen,1,195.91,29.39,166.52,8.33,20,15,20-30 min,Failed,24.6,209.85
O0102,23-01-2025,1,23,Cust_101,Bulk,Café,Mumbai,UPI,SKU101,Product_101,Beverages,4,246.95,0.0,987.8,49.39,20,5,10-20 min,Delivered,22.0,1062.19
O0103,01-03-2025,3,1,Cust_102,Bulk,Tea Stall,Mumbai,PhonePe,SKU102,Product_102,Veg,5,131.86,6.59,652.71,32.64,0,15,10-20 min,Cancelled,24.6,700.35
O0104,26-02-2025,2,26,Cust_103,Bulk,Café,Delhi,UPI,SKU103,Product_103,Beverages,3,250.95,25.09,727.7599999999999,36.39,20,5,10-20 min,Delivered,41.0,789.1499999999999
O0105,09-02-2025,2,9,Cust_104,Bulk,Cloud Kitchen,Bangalore,GPay,SKU104,Product_104,Beverages,2,80.91,4.05,157.77,7.89,0,15,20-30 min,Delivered,20.0,180.66
O0106,21-01-2025,1,21,Cust_105,Bulk,Cloud Kitchen,Delhi,UPI,SKU105,Product_105,Frozen,1,88.24,8.82,79.41999999999999,3.97,0,5,10-20 min,Delivered,19.0,88.38999999999999
O0107,16-01-2025,1,16,Cust_106,Bulk,Tea Stall,Bangalore,Card,SKU106,Product_106,Fruits,2,223.65,33.55,413.75,20.69,0,15,30-45 min,Cancelled,24.6,449.44
O0108,14-02-2025,2,14,Cust_107,Bulk,Café,Bangalore,UPI,SKU107,Product_107,Frozen,3,52.33,7.85,149.14,7.46,20,0,20-30 min,Delivered,30.0,176.6
O0109,18-01-2025,1,18,Cust_108,Bulk,Cloud Kitchen,Mumbai,COD,SKU108,Product_108,Beverages,2,19.88,2.98,36.78,1.84,0,5,10-20 min,Delivered,24.0,43.62
O0110,16-02-2025,2,16,Cust_109,Bulk,Bakery,Bangalore,GPay,SKU109,Product_109,Veg,4,8.14,1.22,31.34,1.57,20,15,10-20 min,Delivered,15.0,67.91
O0111,22-02-2025,2,22,Cust_110,Bulk,Bakery,Mumbai,NetBanking,SKU110,Product_110,Baby,3,182.83,27.42,521.07,26.05,20,0,30-45 min,Delivered,24.0,567.12
O0112,24-01-2025,1,24,Cust_111,Bulk,Café,Mumbai,PhonePe,SKU111,Product_111,Fruits ,2,199.02,19.9,378.14,18.91,30,20,10-20 min,Delivered,29.0,447.0500000000001
O0113,26-01-2025,1,26,Cust_112,Returning,Household,Mumbai,UPI,SKU112,Product_112,Baby,4,130.76,19.61,503.4299999999999,25.17,30,0,20-30 min,Delivered,18.0,558.5999999999999
O0114,25-01-2025,1,25,Cust_113,Returning,Household,Bangalore,UPI,SKU113,Product_113,Fruits,1,82.47,8.25,74.22,3.71,0,10,20-30 min,Delivered,28.0,87.92999999999999
O0115,01-03-2025,3,1,Cust_114,Bulk,Bakery,Mumbai,COD,SKU114,Product_114,Snacks,3,102.51,0.0,307.53,15.38,20,20,10-20 min,Delivered,30.0,362.91
O0116,01-03-2025,3,1,Cust_115,Bulk,Cloud Kitchen,Mumbai,NetBanking,SKU115,Product_115,Frozen,2,14.07,0.7,27.44,1.37,30,10,30-45 min,Delivered,27.0,68.81
O0117,01-03-2025,3,1,Cust_116,Bulk,Tea Stall,Bangalore,UPI,SKU116,Product_116,Beverages,2,52.82,0.0,105.64,5.28,10,20,10-20 min,Delivered,33.0,140.92
O0118,14-02-2025,2,14,Cust_117,Bulk,Tea Stall,Bangalore,UPI,SKU117,Product_117,Bakery,1,91.94,13.79,78.15,3.91,20,10,20-30 min,Delivered,28.0,112.06
O0119,10-02-2025,2,10,Cust_118,Bulk,Bakery,Mumbai,PhonePe,SKU118,Product_118,Other,3,102.03,15.3,290.79,14.54,0,0,30-45 min,Delivered,25.0,305.33
O0120,29-01-2025,1,29,Cust_119,Returning,Household,Bangalore,NetBanking,SKU119,Product_119,Beverages,1,66.78,3.34,63.44,3.17,20,10,10-20 min,Delivered,29.0,96.61
O0121,15-01-2025,1,15,Cust_120,Bulk,Office,Bangalore,COD,SKU120,Product_120,Frozen,4,126.91,0.0,507.64,25.38,30,20,10-20 min,Delivered,21.0,583.02
O0122,14-02-2025,2,14,Cust_121,Bulk,Cloud Kitchen,Delhi,GPay,SKU121,Product_121,Fruits,2,21.8,0.0,43.6,2.18,20,10,10-20 min,Failed,24.6,75.78
O0123,01-01-2025,1,1,Cust_122,Bulk,Tea Stall,Mumbai,UPI,SKU122,Product_122,Fruits ,5,162.43,24.36,787.7900000000001,39.39,0,5,20-30 min,Delivered,34.0,832.1800000000001
O0124,25-01-2025,1,25,Cust_123,Returning,Household,Delhi,UPI,SKU123,Product_123,Other,3,185.37,0.0,556.11,27.81,30,5,20-30 min,Failed,24.6,618.92
O0125,07-01-2025,1,7,Cust_124,New,Household,Mumbai,UPI,SKU124,Product_124,Other,2,92.94,9.29,176.59,8.83,20,20,20-30 min,Delivered,32.0,225.42
O0126,09-01-2025,1,9,Cust_125,Returning,Household,Delhi,UPI,SKU125,Product_125,Bakery,2,84.67,0.0,169.34,8.47,20,20,30-45 min,Delivered,25.0,217.81
O0127,24-01-2025,1,24,Cust_126,Bulk,Tea Stall,Bangalore,NetBanking,SKU126,Product_126,Frozen,4,140.79,7.04,556.12,27.81,0,15,10-20 min,Delivered,26.0,598.93
O0128,01-01-2025,1,1,Cust_127,Bulk,Bakery,Bangalore,UPI,SKU127,Product_127,Frozen,1,67.73,6.77,60.96000000000001,3.05,20,15,10-20 min,Delivered,29.0,99.01
O0129,13-02-2025,2,13,Cust_128,Bulk,Tea Stall,Delhi,PhonePe,SKU128,Product_128,Snacks,5,57.61,8.64,279.41,13.97,20,20,10-20 min,Delivered,17.0,333.3800000000001
O0130,08-01-2025,1,8,Cust_129,Bulk,Cloud Kitchen,Bangalore,UPI,SKU129,Product_129,Other,4,136.59,13.66,532.7,26.64,10,20,10-20 min,Delivered,18.0,589.34
O0131,24-01-2025,1,24,Cust_130,Bulk,Café,Delhi,UPI,SKU130,Product_130,Beverages,2,133.05,6.65,259.45,12.97,10,5,10-20 min,Delivered,23.0,287.4200000000001
O0132,11-01-2025,1,11,Cust_131,Bulk,Tea Stall,Bangalore,Wallet,SKU131,Product_131,Beverages,2,177.78,0.0,355.56,17.78,20,15,10-20 min,Delivered,28.0,408.34
O0133,20-02-2025,2,20,Cust_132,Bulk,Office,Delhi,GPay,SKU132,Product_132,Beverages,5,191.22,9.56,946.5400000000001,47.33,20,15,30-45 min,Delivered,33.0,1028.87
O0134,17-01-2025,1,17,Cust_133,Bulk,Bakery,Delhi,UPI,SKU133,Product_133,Veg,6,180.31,18.03,1063.83,53.19,30,0,20-30 min,Delivered,22.0,1147.02
O0135,08-01-2025,1,8,Cust_134,Bulk,Café,Delhi,UPI,SKU134,Product_134,Frozen,6,147.21,22.08,861.18,43.06,20,5,20-30 min,Cancelled,24.6,929.24
O0136,04-02-2025,2,4,Cust_135,Bulk,Office,Mumbai,COD,SKU135,Product_135,Baby,1,63.98,6.4,57.58,2.88,0,5,10-20 min,Delivered,34.0,65.46000000000001
O0137,04-02-2025,2,4,Cust_136,Bulk,Cloud Kitchen,Bangalore,Card,SKU136,Product_136,Beverages,2,102.15,10.22,194.08,9.7,10,5,10-20 min,Delivered,38.0,218.78
O0138,02-02-2025,2,2,Cust_137,Bulk,Office,Bangalore,Card,SKU137,Product_137,Fruits ,3,58.28,2.91,171.93,8.6,20,0,20-30 min,Delivered,36.0,200.53
O0139,28-02-2025,2,28,Cust_138,Returning,Household,Bangalore,UPI,SKU138,Product_138,Beverages,1,1.17,0.0,1.17,0.06,0,0,10-20 min,Delivered,35.0,1.23
O0140,05-01-2025,1,5,Cust_139,Bulk,Office,Bangalore,UPI,SKU139,Product_139,Fruits,5,254.77,12.74,1261.11,63.06,20,20,10-20 min,Delivered,41.0,1364.17
O0141,11-02-2025,2,11,Cust_140,New,Household,Mumbai,UPI,SKU140,Product_140,Other,5,120.17,6.01,594.84,29.74,10,15,20-30 min,Delivered,41.0,649.58
O0142,08-02-2025,2,8,Cust_141,Bulk,Café,Mumbai,NetBanking,SKU141,Product_141,Snacks,1,130.26,6.51,123.75,6.19,10,0,20-30 min,Delivered,38.0,139.94
O0143,27-02-2025,2,27,Cust_142,Bulk,Café,Bangalore,Wallet,SKU142,Product_142,Veg,4,104.84,5.24,414.12,20.71,20,10,10-20 min,Delivered,28.0,464.83
O0144,10-02-2025,2,10,Cust_143,Bulk,Cloud Kitchen,Bangalore,UPI,SKU143,Product_143,Essentials,1,103.16,10.32,92.84,4.64,0,0,10-20 min,Delivered,29.0,97.48
O0145,28-01-2025,1,28,Cust_144,Bulk,Cloud Kitchen,Bangalore,NetBanking,SKU144,Product_144,Beverages,7,178.25,17.82,1229.93,61.5,10,5,10-20 min,Delivered,18.0,1306.43
O0146,07-01-2025,1,7,Cust_145,Bulk,Office,Bangalore,Wallet,SKU145,Product_145,Snacks,4,25.77,2.58,100.5,5.03,20,10,10-20 min,Delivered,28.0,135.53
O0147,09-01-2025,1,9,Cust_146,New,Household,Bangalore,GPay,SKU146,Product_146,Frozen,2,111.94,16.79,207.09,10.35,30,20,10-20 min,Delivered,23.0,267.44
O0148,08-01-2025,1,8,Cust_147,Bulk,Café,Mumbai,NetBanking,SKU147,Product_147,Baby,3,39.96,0.0,119.88,5.99,30,20,10-20 min,Delivered,34.0,175.87
O0149,12-01-2025,1,12,Cust_148,Bulk,Café,Mumbai,Card,SKU148,Product_148,Essentials,1,203.84,20.38,183.46,9.17,20,10,20-30 min,Delivered,24.0,222.63
O0150,03-02-2025,2,3,Cust_149,Bulk,Tea Stall,Bangalore,PhonePe,SKU149,Product_149,Beverages,1,124.11,12.41,111.7,5.59,30,20,10-20 min,Delivered,37.0,167.29
O0151,02-02-2025,2,2,Cust_150,Bulk,Cloud Kitchen,Mumbai,UPI,SKU150,Product_150,Frozen,3,199.52,0.0,598.5600000000001,29.93,10,15,10-20 min,Delivered,29.0,653.49
O0152,17-02-2025,2,17,Cust_151,New,Household,Delhi,GPay,SKU151,Product_151,Fruits ,2,55.11,8.27,101.95,5.1,10,0,20-30 min,Delivered,22.0,117.05
O0153,24-02-2025,2,24,Cust_152,Bulk,Bakery,Bangalore,GPay,SKU152,Product_152,Baby,4,68.56,0.0,274.24,13.71,30,5,10-20 min,Delivered,14.0,322.95
O0154,23-01-2025,1,23,Cust_153,Returning,Household,Mumbai,UPI,SKU153,Product_153,Fruits,3,173.54,26.03,494.59,24.73,10,15,20-30 min,Delivered,27.0,544.32
O0155,24-01-2025,1,24,Cust_154,Bulk,Bakery,Delhi,Wallet,SKU154,Product_154,Essentials,1,51.47,2.57,48.9,2.45,0,0,10-20 min,Delivered,22.0,51.35
O0156,06-02-2025,2,6,Cust_155,Bulk,Tea Stall,Mumbai,Card,SKU155,Product_155,Essentials,2,185.6,9.28,361.92,18.1,30,20,10-20 min,Delivered,37.0,430.02
O0157,04-02-2025,2,4,Cust_156,Bulk,Café,Mumbai,GPay,SKU156,Product_156,Fruits ,6,40.41,0.0,242.46,12.12,30,10,10-20 min,Delivered,32.0,294.58
O0158,13-02-2025,2,13,Cust_157,Bulk,Office,Bangalore,UPI,SKU157,Product_157,Beverages,3,119.87,0.0,359.61,17.98,0,10,10-20 min,Delivered,41.0,387.59
O0159,09-02-2025,2,9,Cust_158,Bulk,Cloud Kitchen,Mumbai,UPI,SKU158,Product_158,Snacks,4,220.66,33.1,849.54,42.48,20,15,10-20 min,Delivered,19.0,927.02
O0160,22-01-2025,1,22,Cust_159,Bulk,Bakery,Mumbai,NetBanking,SKU159,Product_159,Frozen,3,87.95,8.79,255.06,12.75,30,5,10-20 min,Delivered,26.0,302.8100000000001
O0161,27-01-2025,1,27,Cust_160,Bulk,Bakery,Mumbai,COD,SKU160,Product_160,Essentials,3,168.57,16.86,488.85,24.44,10,20,20-30 min,Delivered,11.0,543.29
O0162,04-02-2025,2,4,Cust_161,Returning,Household,Delhi,UPI,SKU161,Product_161,Frozen,1,59.11,5.91,53.2,2.66,20,10,10-20 min,Delivered,36.0,85.86
O0163,01-01-2025,1,1,Cust_162,Bulk,Cloud Kitchen,Bangalore,UPI,SKU162,Product_162,Fruits ,1,74.46,7.45,67.00999999999999,3.35,0,15,10-20 min,Delivered,25.0,85.35999999999999
O0164,04-02-2025,2,4,Cust_163,New,Household,Mumbai,COD,SKU163,Product_163,Beverages,3,26.65,4.0,75.94999999999999,3.8,10,10,20-30 min,Delivered,41.0,99.74999999999999
O0165,06-02-2025,2,6,Cust_164,New,Household,Delhi,UPI,SKU164,Product_164,Beverages,4,49.64,2.48,196.08,9.8,20,0,10-20 min,Delivered,12.0,225.88
O0166,16-02-2025,2,16,Cust_165,Bulk,Tea Stall,Bangalore,PhonePe,SKU165,Product_165,Veg,6,145.14,7.26,863.5799999999999,43.18,10,20,10-20 min,Returned,24.6,936.7599999999999
O0167,14-01-2025,1,14,Cust_166,New,Household,Mumbai,GPay,SKU166,Product_166,Other,3,79.15,7.92,229.53,11.48,30,5,10-20 min,Failed,24.6,276.01
O0168,03-01-2025,1,3,Cust_167,Bulk,Office,Delhi,Card,SKU167,Product_167,Beverages,5,161.66,8.08,800.2199999999999,40.01,30,10,20-30 min,Cancelled,24.6,880.2299999999999
O0169,01-01-2025,1,1,Cust_168,Bulk,Bakery,Bangalore,UPI,SKU168,Product_168,Fruits ,1,10.69,1.07,9.62,0.48,20,10,30-45 min,Delivered,17.0,40.1
O0170,05-01-2025,1,5,Cust_169,Bulk,Bakery,Mumbai,PhonePe,SKU169,Product_169,Dairy,5,118.8,11.88,582.12,29.11,0,20,20-30 min,Delivered,28.0,631.23
O0171,26-01-2025,1,26,Cust_170,Bulk,Office,Delhi,UPI,SKU170,Product_170,Veg,1,167.36,25.1,142.26,7.11,0,10,10-20 min,Delivered,48.0,159.37
O0172,24-02-2025,2,24,Cust_171,Bulk,Tea Stall,Delhi,Wallet,SKU171,Product_171,Frozen,3,145.51,0.0,436.53,21.83,20,10,20-30 min,Delivered,28.0,488.36
O0173,14-01-2025,1,14,Cust_172,Bulk,Bakery,Bangalore,UPI,SKU172,Product_172,Beverages,4,177.4,26.61,682.99,34.15,10,5,10-20 min,Delivered,22.0,732.14
O0174,08-02-2025,2,8,Cust_173,Bulk,Office,Bangalore,Wallet,SKU173,Product_173,Beverages,2,77.74,0.0,155.48,7.77,30,10,20-30 min,Delivered,22.0,203.25
O0175,27-01-2025,1,27,Cust_174,Bulk,Tea Stall,Mumbai,UPI,SKU174,Product_174,Beverages,5,122.35,0.0,611.75,30.59,0,10,20-30 min,Delivered,46.0,652.34
O0176,09-01-2025,1,9,Cust_175,Bulk,Cloud Kitchen,Mumbai,COD,SKU175,Product_175,Other,1,146.94,7.35,139.59,6.98,20,5,10-20 min,Delivered,19.0,171.57
O0177,15-01-2025,1,15,Cust_176,Bulk,Office,Bangalore,UPI,SKU176,Product_176,Beverages,2,147.84,7.39,288.29,14.41,10,15,10-20 min,Delivered,33.0,327.7
O0178,15-01-2025,1,15,Cust_177,Returning,Household,Bangalore,GPay,SKU177,Product_177,Other,1,175.14,26.27,148.87,7.44,20,0,20-30 min,Delivered,22.0,176.31
O0179,26-01-2025,1,26,Cust_178,Bulk,Cloud Kitchen,Bangalore,UPI,SKU178,Product_178,Beverages,2,92.99,9.3,176.68,8.83,0,20,30-45 min,Delivered,23.0,205.51
O0180,11-02-2025,2,11,Cust_179,Bulk,Bakery,Bangalore,NetBanking,SKU179,Product_179,Bakery,1,93.95,4.7,89.25,4.46,20,10,30-45 min,Delivered,19.0,123.71
O0181,01-03-2025,3,1,Cust_180,Bulk,Cloud Kitchen,Delhi,NetBanking,SKU180,Product_180,Dairy,4,127.21,0.0,508.84,25.44,20,20,10-20 min,Delivered,5.0,574.28
O0182,13-01-2025,1,13,Cust_181,Bulk,Cloud Kitchen,Mumbai,NetBanking,SKU181,Product_181,Veg,2,267.89,40.18,495.6,24.78,30,0,10-20 min,Delivered,21.0,550.38
O0183,20-02-2025,2,20,Cust_182,Bulk,Bakery,Delhi,GPay,SKU182,Product_182,Fruits ,3,113.06,5.65,333.53,16.68,20,20,10-20 min,Delivered,17.0,390.21
O0184,01-02-2025,2,1,Cust_183,Bulk,Office,Delhi,UPI,SKU183,Product_183,Dairy,3,123.4,18.51,351.6900000000001,17.58,0,10,10-20 min,Delivered,30.0,379.27
O0185,08-02-2025,2,8,Cust_184,Bulk,Cloud Kitchen,Delhi,Card,SKU184,Product_184,Dairy,1,81.21,0.0,81.21,4.06,0,0,10-20 min,Delivered,21.0,85.27
O0186,18-02-2025,2,18,Cust_185,Returning,Household,Delhi,NetBanking,SKU185,Product_185,Baby,4,47.42,4.74,184.94,9.25,10,5,20-30 min,Delivered,30.0,209.19
O0187,21-02-2025,2,21,Cust_186,Bulk,Cloud Kitchen,Bangalore,Card,SKU186,Product_186,Fruits,1,145.03,0.0,145.03,7.25,20,15,10-20 min,Delivered,22.0,187.28
O0188,01-02-2025,2,1,Cust_187,Bulk,Bakery,Bangalore,COD,SKU187,Product_187,Beverages,5,218.37,32.76,1059.09,52.95,10,5,20-30 min,Delivered,24.0,1127.04
O0189,04-01-2025,1,4,Cust_188,Bulk,Cloud Kitchen,Bangalore,COD,SKU188,Product_188,Other,1,104.38,10.44,93.94,4.7,30,5,10-20 min,Delivered,21.0,133.64
O0190,30-01-2025,1,30,Cust_189,Bulk,Cloud Kitchen,Bangalore,COD,SKU189,Product_189,Beverages,1,96.71,14.51,82.19999999999999,4.11,20,0,20-30 min,Delivered,26.0,106.31
O0191,06-02-2025,2,6,Cust_190,Bulk,Cloud Kitchen,Bangalore,UPI,SKU190,Product_190,Beverages,1,174.75,8.74,166.01,8.3,30,15,10-20 min,Cancelled,24.6,219.31
O0192,23-01-2025,1,23,Cust_191,Returning,Household,Bangalore,Card,SKU191,Product_191,Bakery,1,176.06,0.0,176.06,8.8,20,10,30-45 min,Delivered,20.0,214.86
O0193,08-02-2025,2,8,Cust_192,Bulk,Bakery,Delhi,GPay,SKU192,Product_192,Veg,5,89.57,0.0,447.85,22.39,10,20,10-20 min,Cancelled,24.6,500.24
O0194,14-02-2025,2,14,Cust_193,Bulk,Café,Bangalore,Card,SKU193,Product_193,Fruits ,1,152.49,7.62,144.87,7.24,20,5,20-30 min,Delivered,32.0,177.11
O0195,15-01-2025,1,15,Cust_194,Bulk,Office,Bangalore,Card,SKU194,Product_194,Bakery,2,109.54,5.48,213.6,10.68,10,20,10-20 min,Delivered,38.0,254.28
O0196,12-02-2025,2,12,Cust_195,Bulk,Cloud Kitchen,Delhi,COD,SKU195,Product_195,Fruits,2,87.23,8.72,165.74,8.29,10,20,10-20 min,Delivered,28.0,204.03
O0197,29-01-2025,1,29,Cust_196,Bulk,Café,Delhi,UPI,SKU196,Product_196,Frozen,1,118.14,0.0,118.14,5.91,30,20,20-30 min,Delivered,24.0,174.05
O0198,05-02-2025,2,5,Cust_197,Bulk,Café,Mumbai,UPI,SKU197,Product_197,Fruits,7,118.36,5.92,822.6,41.13,10,10,20-30 min,Delivered,15.0,883.73
O0199,13-01-2025,1,13,Cust_198,Bulk,Office,Delhi,COD,SKU198,Product_198,Frozen,5,68.23,10.23,330.92,16.55,0,15,10-20 min,Delivered,29.0,362.47
O0200,01-02-2025,2,1,Cust_199,Bulk,Cloud Kitchen,Bangalore,UPI,SKU199,Product_199,Dairy,5,208.27,10.41,1030.94,51.55,30,20,10-20 min,Delivered,22.0,1132.49
O0201,07-01-2025,1,7,Cust_200,New,Household,Mumbai,PhonePe,SKU0,Product_0,Snacks,5,52.75,2.64,261.11,13.06,0,10,20-30 min,Delivered,23.0,284.17
O0202,28-02-2025,2,28,Cust_201,Bulk,Office,Mumbai,GPay,SKU1,Product_1,Frozen,2,249.44,12.47,486.41,24.32,20,10,20-30 min,Delivered,18.0,540.73
O0203,20-02-2025,2,20,Cust_202,Returning,Household,Bangalore,COD,SKU2,Product_2,Fruits,3,167.97,8.4,495.51,24.78,10,20,10-20 min,Delivered,23.0,550.29
O0204,22-01-2025,1,22,Cust_203,Bulk,Café,Mumbai,Card,SKU3,Product_3,Fruits ,4,147.6,14.76,575.64,28.78,0,15,30-45 min,Delivered,18.0,619.42
O0205,28-01-2025,1,28,Cust_204,Bulk,Café,Bangalore,GPay,SKU4,Product_4,Other,2,125.4,18.81,231.99,11.6,30,0,10-20 min,Delivered,32.0,273.59
O0206,02-01-2025,1,2,Cust_205,Bulk,Tea Stall,Delhi,Card,SKU5,Product_5,Beverages,5,39.17,0.0,195.85,9.79,0,10,10-20 min,Delivered,15.0,215.64
O0207,11-02-2025,2,11,Cust_206,Bulk,Cloud Kitchen,Delhi,UPI,SKU6,Product_6,Frozen,4,189.47,0.0,757.88,37.89,10,15,20-30 min,Delivered,14.0,820.77
O0208,14-02-2025,2,14,Cust_207,Bulk,Tea Stall,Bangalore,UPI,SKU7,Product_7,Frozen,1,191.14,9.56,181.58,9.08,10,20,10-20 min,Delivered,32.0,220.66
O0209,26-02-2025,2,26,Cust_208,Bulk,Bakery,Bangalore,NetBanking,SKU8,Product_8,Baby,3,69.12,3.46,203.9,10.2,20,5,10-20 min,Cancelled,24.6,239.1
O0210,22-02-2025,2,22,Cust_209,Bulk,Café,Mumbai,Wallet,SKU9,Product_9,Snacks,1,162.57,24.39,138.18,6.91,0,0,20-30 min,Delivered,12.0,145.09
O0211,06-01-2025,1,6,Cust_210,Bulk,Café,Bangalore,COD,SKU10,Product_10,Dairy,1,68.32,3.42,64.89999999999999,3.24,0,0,10-20 min,Failed,24.6,68.13999999999999
O0212,28-01-2025,1,28,Cust_211,Bulk,Cloud Kitchen,Mumbai,COD,SKU11,Product_11,Fruits ,1,118.37,17.76,100.61,5.03,20,10,20-30 min,Cancelled,24.6,135.64
O0213,28-01-2025,1,28,Cust_212,Bulk,Bakery,Delhi,COD,SKU12,Product_12,Frozen,4,81.39,8.14,317.42,15.87,0,0,10-20 min,Delivered,34.0,333.29
O0214,13-02-2025,2,13,Cust_213,Bulk,Bakery,Mumbai,Card,SKU13,Product_13,Snacks,5,227.96,34.19,1105.61,55.28,0,15,10-20 min,Delivered,48.0,1175.89
O0215,13-02-2025,2,13,Cust_214,Bulk,Cloud Kitchen,Bangalore,PhonePe,SKU14,Product_14,Dairy,3,98.1,14.71,279.59,13.98,20,15,30-45 min,Delivered,16.0,328.57
O0216,20-01-2025,1,20,Cust_215,Bulk,Office,Delhi,COD,SKU15,Product_15,Snacks,2,73.26,7.33,139.19,6.96,30,5,20-30 min,Delivered,45.0,181.15
O0217,30-01-2025,1,30,Cust_216,New,Household,Bangalore,UPI,SKU16,Product_16,Veg,1,138.9,13.89,125.01,6.25,0,5,10-20 min,Delivered,23.0,136.26
O0218,11-01-2025,1,11,Cust_217,Bulk,Office,Bangalore,UPI,SKU17,Product_17,Dairy,2,119.84,11.98,227.7,11.39,10,15,10-20 min,Delivered,28.0,264.09
O0219,27-02-2025,2,27,Cust_218,Bulk,Tea Stall,Bangalore,UPI,SKU18,Product_18,Other,3,138.14,0.0,414.42,20.72,20,15,20-30 min,Delivered,8.0,470.14
O0220,24-02-2025,2,24,Cust_219,Bulk,Tea Stall,Bangalore,Wallet,SKU19,Product_19,Fruits ,3,215.95,21.59,626.2599999999999,31.31,20,20,10-20 min,Delivered,14.0,697.5699999999998
O0221,28-01-2025,1,28,Cust_220,New,Household,Bangalore,PhonePe,SKU20,Product_20,Snacks,4,139.58,13.96,544.36,27.22,10,20,10-20 min,Delivered,25.0,601.58
O0222,25-01-2025,1,25,Cust_221,Bulk,Cloud Kitchen,Delhi,UPI,SKU21,Product_21,Snacks,3,80.92,8.09,234.67,11.73,0,0,10-20 min,Delivered,24.0,246.4
O0223,08-02-2025,2,8,Cust_222,Bulk,Bakery,Mumbai,UPI,SKU22,Product_22,Snacks,4,149.67,0.0,598.68,29.93,20,15,30-45 min,Delivered,32.0,663.6099999999999
O0224,02-02-2025,2,2,Cust_223,New,Household,Bangalore,NetBanking,SKU23,Product_23,Beverages,3,276.1,41.41,786.8900000000001,39.34,30,15,20-30 min,Delivered,26.0,871.2300000000001
O0225,01-01-2025,1,1,Cust_224,Bulk,Cloud Kitchen,Mumbai,Wallet,SKU24,Product_24,Snacks,1,82.66,12.4,70.25999999999999,3.51,10,0,20-30 min,Delivered,29.0,83.77
O0226,26-02-2025,2,26,Cust_225,New,Household,Delhi,PhonePe,SKU25,Product_25,Bakery,2,68.97,3.45,134.49,6.72,10,20,10-20 min,Delivered,12.0,171.21
O0227,27-01-2025,1,27,Cust_226,Bulk,Office,Mumbai,UPI,SKU26,Product_26,Beverages,5,163.19,16.32,799.63,39.98,20,5,10-20 min,Delivered,39.0,864.61
O0228,26-02-2025,2,26,Cust_227,Bulk,Cloud Kitchen,Bangalore,UPI,SKU27,Product_27,Dairy,4,12.79,1.28,49.88,2.49,20,15,10-20 min,Delivered,27.0,87.37
O0229,21-02-2025,2,21,Cust_228,Bulk,Tea Stall,Mumbai,UPI,SKU28,Product_28,Essentials,3,72.91,0.0,218.73,10.94,30,0,10-20 min,Delivered,31.0,259.67
O0230,13-01-2025,1,13,Cust_229,Bulk,Cloud Kitchen,Bangalore,COD,SKU29,Product_29,Frozen,1,53.62,5.36,48.26,2.41,0,10,10-20 min,Delivered,23.0,60.67
O0231,10-02-2025,2,10,Cust_230,Returning,Household,Delhi,PhonePe,SKU30,Product_30,Beverages,5,223.62,0.0,1118.1,55.91,20,20,10-20 min,Delivered,21.0,1214.01
O0232,03-01-2025,1,3,Cust_231,Bulk,Cloud Kitchen,Delhi,Wallet,SKU31,Product_31,Dairy,1,207.43,0.0,207.43,10.37,30,5,10-20 min,Delivered,20.0,252.8
O0233,08-02-2025,2,8,Cust_232,Bulk,Tea Stall,Delhi,Card,SKU32,Product_32,Dairy,1,121.74,6.09,115.65,5.78,0,10,10-20 min,Delivered,35.0,131.43
O0234,06-01-2025,1,6,Cust_233,Bulk,Bakery,Mumbai,COD,SKU33,Product_33,Dairy,2,100.99,5.05,196.93,9.85,20,10,10-20 min,Delivered,45.0,236.78
O0235,08-01-2025,1,8,Cust_234,Bulk,Cloud Kitchen,Bangalore,COD,SKU34,Product_34,Snacks,5,181.44,0.0,907.2,45.36,10,15,10-20 min,Delivered,30.0,977.5600000000001
O0236,27-01-2025,1,27,Cust_235,New,Household,Delhi,UPI,SKU35,Product_35,Dairy,5,34.74,5.21,168.49,8.42,20,5,10-20 min,Delivered,23.0,201.91
O0237,09-01-2025,1,9,Cust_236,New,Household,Delhi,PhonePe,SKU36,Product_36,Snacks,2,176.87,26.53,327.21,16.36,20,10,20-30 min,Delivered,31.0,373.5700000000001
O0238,06-02-2025,2,6,Cust_237,Returning,Household,Bangalore,PhonePe,SKU37,Product_37,Fruits ,1,108.38,10.84,97.53999999999999,4.88,20,10,10-20 min,Delivered,16.0,132.42
O0239,02-02-2025,2,2,Cust_238,Bulk,Bakery,Mumbai,Wallet,SKU38,Product_38,Essentials,4,148.8,14.88,580.32,29.02,0,15,20-30 min,Delivered,11.0,624.34
O0240,20-02-2025,2,20,Cust_239,New,Household,Delhi,PhonePe,SKU39,Product_39,Fruits,1,183.4,27.51,155.89,7.79,10,0,10-20 min,Delivered,43.0,173.68
O0241,11-02-2025,2,11,Cust_240,Bulk,Bakery,Mumbai,Wallet,SKU40,Product_40,Other,1,152.71,0.0,152.71,7.64,0,0,10-20 min,Delivered,15.0,160.35
O0242,13-02-2025,2,13,Cust_241,Bulk,Café,Delhi,UPI,SKU41,Product_41,Bakery,4,172.54,8.63,681.53,34.08,0,10,10-20 min,Delivered,12.0,725.61
O0243,24-01-2025,1,24,Cust_242,Returning,Household,Mumbai,Card,SKU42,Product_42,Baby,3,163.08,8.15,481.09,24.05,30,0,20-30 min,Delivered,41.0,535.1400000000001
O0244,15-01-2025,1,15,Cust_243,Bulk,Cloud Kitchen,Mumbai,Card,SKU43,Product_43,Beverages,3,131.84,6.59,388.93,19.45,20,15,10-20 min,Delivered,35.0,443.38
O0245,28-02-2025,2,28,Cust_244,Bulk,Bakery,Delhi,COD,SKU44,Product_44,Fruits ,2,35.99,1.8,70.18,3.51,30,5,10-20 min,Delivered,3.0,108.69
O0246,23-02-2025,2,23,Cust_245,Bulk,Cloud Kitchen,Mumbai,Card,SKU45,Product_45,Bakery,1,116.9,5.85,111.05,5.55,30,10,10-20 min,Delivered,25.0,156.6
O0247,01-02-2025,2,1,Cust_246,Bulk,Office,Delhi,UPI,SKU46,Product_46,Baby,3,92.14,0.0,276.42,13.82,0,20,10-20 min,Delivered,21.0,310.24
O0248,01-02-2025,2,1,Cust_247,Bulk,Office,Mumbai,COD,SKU47,Product_47,Beverages,2,168.78,16.88,320.68,16.03,0,5,20-30 min,Delivered,15.0,341.71
O0249,24-01-2025,1,24,Cust_248,Returning,Household,Delhi,Wallet,SKU48,Product_48,Baby,1,173.18,17.32,155.86,7.79,30,15,10-20 min,Delivered,18.0,208.65
O0250,10-02-2025,2,10,Cust_249,Bulk,Café,Mumbai,UPI,SKU49,Product_49,Fruits ,2,214.09,32.11,396.07,19.8,10,20,10-20 min,Delivered,17.0,445.87
O0251,21-02-2025,2,21,Cust_250,Bulk,Bakery,Delhi,Wallet,SKU50,Product_50,Veg,2,25.45,2.54,48.36,2.42,10,20,10-20 min,Delivered,33.0,80.78
O0252,18-02-2025,2,18,Cust_251,New,Household,Mumbai,UPI,SKU51,Product_51,Snacks,4,66.53,0.0,266.12,13.31,20,0,10-20 min,Delivered,25.0,299.43
O0253,18-02-2025,2,18,Cust_252,Bulk,Office,Bangalore,Card,SKU52,Product_52,Snacks,4,189.59,0.0,758.36,37.92,30,20,20-30 min,Delivered,21.0,846.28
O0254,27-02-2025,2,27,Cust_253,Bulk,Bakery,Bangalore,PhonePe,SKU53,Product_53,Beverages,2,261.33,39.2,483.46,24.17,0,15,10-20 min,Delivered,32.0,522.63
O0255,21-02-2025,2,21,Cust_254,New,Household,Delhi,NetBanking,SKU54,Product_54,Veg,1,86.56,12.98,73.58,3.68,30,10,20-30 min,Delivered,14.0,117.26
O0256,12-01-2025,1,12,Cust_255,Bulk,Cloud Kitchen,Delhi,UPI,SKU55,Product_55,Frozen,1,217.76,32.66,185.1,9.26,10,0,10-20 min,Delivered,29.0,204.36
O0257,08-02-2025,2,8,Cust_256,Bulk,Bakery,Mumbai,PhonePe,SKU56,Product_56,Essentials,6,102.27,0.0,613.62,30.68,0,10,20-30 min,Delivered,26.0,654.3
O0258,02-01-2025,1,2,Cust_257,Bulk,Office,Delhi,Wallet,SKU57,Product_57,Veg,1,125.17,0.0,125.17,6.26,30,10,10-20 min,Delivered,22.0,171.43
O0259,03-01-2025,1,3,Cust_258,Bulk,Office,Bangalore,Wallet,SKU58,Product_58,Other,5,93.1,0.0,465.5,23.28,10,10,20-30 min,Delivered,45.0,508.78
O0260,18-02-2025,2,18,Cust_259,Bulk,Café,Delhi,NetBanking,SKU59,Product_59,Beverages,4,243.45,36.52,937.28,46.86,20,0,10-20 min,Cancelled,24.6,1004.14
O0261,06-02-2025,2,6,Cust_260,Bulk,Tea Stall,Bangalore,GPay,SKU60,Product_60,Fruits ,5,123.42,18.51,598.59,29.93,30,10,10-20 min,Delivered,3.0,668.52
O0262,18-02-2025,2,18,Cust_261,Bulk,Bakery,Bangalore,COD,SKU61,Product_61,Frozen,2,91.04,9.1,172.98,8.65,0,5,20-30 min,Delivered,15.0,186.63
O0263,25-02-2025,2,25,Cust_262,Bulk,Café,Mumbai,PhonePe,SKU62,Product_62,Other,1,125.7,0.0,125.7,6.29,20,5,10-20 min,Delivered,15.0,156.99
O0264,17-01-2025,1,17,Cust_263,Bulk,Office,Delhi,GPay,SKU63,Product_63,Beverages,3,102.49,15.37,292.1,14.6,10,5,10-20 min,Delivered,9.0,321.7
O0266,18-02-2025,2,18,Cust_265,Bulk,Café,Mumbai,UPI,SKU65,Product_65,Veg,2,195.87,9.79,381.95,19.1,20,0,20-30 min,Delivered,20.0,421.05
O0267,02-01-2025,1,2,Cust_266,Bulk,Bakery,Bangalore,Card,SKU66,Product_66,Beverages,1,57.75,2.89,54.86,2.74,30,15,10-20 min,Delivered,26.0,102.6
O0268,02-01-2025,1,2,Cust_267,New,Household,Mumbai,Wallet,SKU67,Product_67,Essentials,1,196.24,9.81,186.43,9.32,20,20,10-20 min,Delivered,17.0,235.75
O0269,28-01-2025,1,28,Cust_268,Bulk,Office,Mumbai,UPI,SKU68,Product_68,Beverages,5,37.17,0.0,185.85,9.29,20,10,30-45 min,Delivered,12.0,225.14
O0270,23-02-2025,2,23,Cust_269,Bulk,Cloud Kitchen,Bangalore,Wallet,SKU69,Product_69,Beverages,3,46.27,0.0,138.81,6.94,20,20,30-45 min,Delivered,27.0,185.75
O0271,23-01-2025,1,23,Cust_270,Bulk,Office,Bangalore,UPI,SKU70,Product_70,Beverages,4,103.69,5.18,409.58,20.48,0,20,10-20 min,Delivered,19.0,450.06
O0272,06-02-2025,2,6,Cust_271,Bulk,Tea Stall,Mumbai,UPI,SKU71,Product_71,Dairy,1,166.91,16.69,150.22,7.51,30,5,10-20 min,Delivered,30.0,192.73
O0273,01-02-2025,2,1,Cust_272,Bulk,Cloud Kitchen,Delhi,UPI,SKU72,Product_72,Veg,1,188.54,28.28,160.26,8.01,10,20,30-45 min,Delivered,27.0,198.27
O0274,02-02-2025,2,2,Cust_273,Bulk,Bakery,Mumbai,UPI,SKU73,Product_73,Baby,2,64.65,0.0,129.3,6.47,0,10,10-20 min,Cancelled,24.6,145.77
O0275,01-01-2025,1,1,Cust_274,Returning,Household,Bangalore,Card,SKU74,Product_74,Snacks,5,48.66,2.43,240.87,12.04,0,5,10-20 min,Delivered,22.0,257.91
O0276,19-01-2025,1,19,Cust_275,Bulk,Tea Stall,Bangalore,UPI,SKU75,Product_75,Beverages,5,275.37,27.54,1349.31,67.47,20,20,20-30 min,Delivered,19.0,1456.78
O0277,02-01-2025,1,2,Cust_276,Returning,Household,Mumbai,UPI,SKU76,Product_76,Frozen,4,71.68,7.17,279.55,13.98,20,0,30-45 min,Delivered,30.0,313.53
O0278,22-02-2025,2,22,Cust_277,Bulk,Tea Stall,Delhi,UPI,SKU77,Product_77,Dairy,3,199.06,0.0,597.1800000000001,29.86,10,10,10-20 min,Delivered,27.0,647.0400000000001
O0279,13-02-2025,2,13,Cust_278,Bulk,Cloud Kitchen,Bangalore,Card,SKU78,Product_78,Other,4,114.53,11.45,446.67,22.33,0,0,20-30 min,Delivered,2.0,469.0
O0280,26-01-2025,1,26,Cust_279,Bulk,Tea Stall,Mumbai,PhonePe,SKU79,Product_79,Fruits,1,89.71,13.46,76.25,3.81,10,5,20-30 min,Delivered,19.0,95.06
O0281,01-02-2025,2,1,Cust_280,Bulk,Bakery,Bangalore,Card,SKU80,Product_80,Veg,6,80.24,8.02,473.42,23.67,30,10,10-20 min,Delivered,4.0,537.0899999999999
O0282,06-01-2025,1,6,Cust_281,Bulk,Bakery,Bangalore,Wallet,SKU81,Product_81,Dairy,5,211.28,31.69,1024.71,51.24,30,15,10-20 min,Delivered,32.0,1120.95
O0283,01-02-2025,2,1,Cust_282,Bulk,Office,Mumbai,NetBanking,SKU82,Product_82,Frozen,4,90.65,0.0,362.6,18.13,0,10,10-20 min,Delivered,27.0,390.73
O0284,24-02-2025,2,24,Cust_283,Bulk,Café,Mumbai,UPI,SKU83,Product_83,Beverages,3,59.61,5.96,172.87,8.64,10,5,20-30 min,Delivered,19.0,196.51
O0285,04-01-2025,1,4,Cust_284,Bulk,Tea Stall,Mumbai,NetBanking,SKU84,Product_84,Beverages,4,172.07,0.0,688.28,34.41,20,20,10-20 min,Delivered,21.0,762.6899999999999
O0286,24-02-2025,2,24,Cust_285,Bulk,Office,Delhi,COD,SKU85,Product_85,Frozen,1,108.46,0.0,108.46,5.42,20,5,10-20 min,Cancelled,24.6,138.88
O0287,11-01-2025,1,11,Cust_286,Bulk,Tea Stall,Bangalore,Card,SKU86,Product_86,Essentials,4,130.77,13.08,510.0000000000001,25.5,20,5,10-20 min,Failed,24.6,560.5
O0288,25-02-2025,2,25,Cust_287,Bulk,Café,Bangalore,COD,SKU87,Product_87,Other,4,160.05,16.01,624.19,31.21,20,15,20-30 min,Delivered,27.0,690.4000000000001
O0289,28-02-2025,2,28,Cust_288,Bulk,Café,Mumbai,PhonePe,SKU88,Product_88,Frozen,4,160.35,16.04,625.36,31.27,30,5,20-30 min,Delivered,43.0,691.63
O0290,17-01-2025,1,17,Cust_289,New,Household,Bangalore,NetBanking,SKU89,Product_89,Frozen,1,16.62,1.66,14.96,0.75,20,20,10-20 min,Delivered,15.0,55.71
O0291,07-02-2025,2,7,Cust_290,Bulk,Cloud Kitchen,Bangalore,UPI,SKU90,Product_90,Veg,2,87.88,0.0,175.76,8.79,20,5,20-30 min,Delivered,24.0,209.55
O0292,24-01-2025,1,24,Cust_291,Bulk,Cloud Kitchen,Bangalore,COD,SKU91,Product_91,Snacks,2,145.3,7.27,283.33,14.17,0,10,10-20 min,Delivered,33.0,307.5000000000001
O0293,05-01-2025,1,5,Cust_292,Bulk,Café,Mumbai,Card,SKU92,Product_92,Baby,3,173.32,0.0,519.96,26.0,10,20,10-20 min,Delivered,19.0,575.96
O0294,21-02-2025,2,21,Cust_293,Bulk,Bakery,Bangalore,UPI,SKU93,Product_93,Fruits,3,230.29,11.51,679.36,33.97,0,10,30-45 min,Returned,24.6,723.33
O0295,03-02-2025,2,3,Cust_294,Bulk,Café,Mumbai,COD,SKU94,Product_94,Veg,3,85.2,12.78,242.82,12.14,0,15,10-20 min,Delivered,32.0,269.96
O0296,06-01-2025,1,6,Cust_295,Bulk,Office,Mumbai,UPI,SKU95,Product_95,Frozen,1,164.72,24.71,140.01,7.0,30,15,10-20 min,Delivered,16.0,192.01
O0297,22-01-2025,1,22,Cust_296,Bulk,Office,Bangalore,UPI,SKU96,Product_96,Essentials,2,167.66,0.0,335.32,16.77,30,20,30-45 min,Cancelled,24.6,402.09
O0298,11-01-2025,1,11,Cust_297,Bulk,Café,Bangalore,Wallet,SKU97,Product_97,Dairy,4,81.04,4.05,320.11,16.01,20,10,10-20 min,Delivered,8.0,366.12
O0299,17-02-2025,2,17,Cust_298,Bulk,Cloud Kitchen,Delhi,GPay,SKU98,Product_98,Other,2,124.2,6.21,242.19,12.11,20,0,10-20 min,Delivered,36.0,274.3
O0300,16-01-2025,1,16,Cust_299,Returning,Household,Bangalore,UPI,SKU99,Product_99,Baby,1,77.07,3.85,73.22,3.66,0,0,10-20 min,Cancelled,24.6,76.88
O0301,02-02-2025,2,2,Cust_0,Bulk,Bakery,Mumbai,UPI,SKU100,Product_100,Bakery,3,222.55,33.38,634.2700000000001,31.71,0,20,10-20 min,Delivered,19.0,685.9800000000001
O0302,09-01-2025,1,9,Cust_1,Bulk,Tea Stall,Mumbai,PhonePe,SKU101,Product_101,Frozen,3,208.44,0.0,625.3199999999999,31.27,10,0,10-20 min,Delivered,21.0,666.5899999999999
O0303,01-03-2025,3,1,Cust_2,Bulk,Office,Mumbai,UPI,SKU102,Product_102,Snacks,2,98.69,4.93,192.45,9.62,0,5,10-20 min,Delivered,37.0,207.07
O0304,28-02-2025,2,28,Cust_3,New,Household,Mumbai,PhonePe,SKU103,Product_103,Veg,6,124.53,12.45,734.73,36.74,30,15,30-45 min,Delivered,8.0,816.47
O0305,06-01-2025,1,6,Cust_4,Bulk,Bakery,Mumbai,GPay,SKU104,Product_104,Essentials,2,24.17,1.21,47.13,2.36,20,0,30-45 min,Delivered,16.0,69.49000000000001
O0307,29-01-2025,1,29,Cust_6,Bulk,Cloud Kitchen,Bangalore,GPay,SKU106,Product_106,Essentials,3,91.83,9.18,266.31,13.32,0,10,20-30 min,Returned,24.6,289.63
O0308,03-01-2025,1,3,Cust_7,Bulk,Cloud Kitchen,Bangalore,COD,SKU107,Product_107,Essentials,2,78.45,0.0,156.9,7.85,10,10,20-30 min,Delivered,10.0,184.75
O0309,20-01-2025,1,20,Cust_8,Bulk,Office,Delhi,UPI,SKU108,Product_108,Fruits,1,147.12,0.0,147.12,7.36,20,15,10-20 min,Delivered,12.0,189.48
O0310,01-03-2025,3,1,Cust_9,Bulk,Café,Delhi,UPI,SKU109,Product_109,Baby,3,32.55,4.88,92.77,4.64,20,15,10-20 min,Cancelled,24.6,132.41
O0311,28-02-2025,2,28,Cust_10,New,Household,Delhi,PhonePe,SKU110,Product_110,Dairy,5,85.35,0.0,426.75,21.34,10,0,20-30 min,Delivered,6.0,458.09
O0312,05-02-2025,2,5,Cust_11,Bulk,Bakery,Bangalore,UPI,SKU111,Product_111,Veg,3,169.76,0.0,509.28,25.46,30,5,20-30 min,Delivered,19.0,569.74
O0313,19-01-2025,1,19,Cust_12,Bulk,Office,Bangalore,UPI,SKU112,Product_112,Fruits ,3,199.84,19.98,579.54,28.98,30,20,20-30 min,Delivered,35.0,658.52
O0314,26-01-2025,1,26,Cust_13,Bulk,Café,Bangalore,Card,SKU113,Product_113,Fruits,3,102.39,10.24,296.93,14.85,20,0,20-30 min,Cancelled,24.6,331.78
O0315,03-01-2025,1,3,Cust_14,Returning,Household,Mumbai,NetBanking,SKU114,Product_114,Veg,3,97.83,4.89,288.6,14.43,20,20,20-30 min,Delivered,13.0,343.03
O0316,19-01-2025,1,19,Cust_15,Returning,Household,Bangalore,UPI,SKU115,Product_115,Beverages,3,166.13,0.0,498.39,24.92,10,0,10-20 min,Delivered,9.0,533.31
O0317,20-01-2025,1,20,Cust_16,Bulk,Bakery,Mumbai,UPI,SKU116,Product_116,Snacks,4,91.02,13.65,350.43,17.52,10,5,10-20 min,Delivered,26.0,382.95
O0318,01-02-2025,2,1,Cust_17,Bulk,Office,Mumbai,Wallet,SKU117,Product_117,Fruits ,4,47.7,0.0,190.8,9.54,10,5,10-20 min,Delivered,3.0,215.34
O0319,07-01-2025,1,7,Cust_18,New,Household,Bangalore,GPay,SKU118,Product_118,Frozen,1,187.92,18.79,169.13,8.46,0,10,10-20 min,Returned,24.6,187.59
O0320,21-02-2025,2,21,Cust_19,Bulk,Tea Stall,Delhi,Wallet,SKU119,Product_119,Dairy,7,19.53,0.98,135.73,6.79,10,0,10-20 min,Delivered,16.0,152.52
O0321,10-02-2025,2,10,Cust_20,Bulk,Bakery,Bangalore,PhonePe,SKU120,Product_120,Dairy,6,56.09,0.0,336.54,16.83,30,15,10-20 min,Delivered,36.0,398.37
O0322,02-02-2025,2,2,Cust_21,New,Household,Delhi,UPI,SKU121,Product_121,Dairy,1,51.55,7.73,43.81999999999999,2.19,20,15,10-20 min,Delivered,25.0,81.00999999999999
O0323,09-02-2025,2,9,Cust_22,Bulk,Office,Delhi,UPI,SKU122,Product_122,Essentials,2,100.96,5.05,196.87,9.84,0,15,10-20 min,Delivered,25.0,221.71
O0324,08-02-2025,2,8,Cust_23,Bulk,Tea Stall,Delhi,NetBanking,SKU123,Product_123,Beverages,1,153.53,15.35,138.18,6.91,10,10,20-30 min,Delivered,34.0,165.09
O0325,18-01-2025,1,18,Cust_24,Bulk,Tea Stall,Mumbai,NetBanking,SKU124,Product_124,Dairy,1,113.83,11.38,102.45,5.12,0,5,10-20 min,Delivered,26.0,112.57
O0326,09-02-2025,2,9,Cust_25,New,Household,Delhi,NetBanking,SKU125,Product_125,Frozen,1,200.15,20.02,180.13,9.01,0,5,10-20 min,Cancelled,24.6,194.14
O0327,01-01-2025,1,1,Cust_26,Bulk,Cloud Kitchen,Bangalore,PhonePe,SKU126,Product_126,Other,2,182.88,27.43,338.33,16.92,20,0,10-20 min,Delivered,21.0,375.25
O0328,11-01-2025,1,11,Cust_27,Bulk,Tea Stall,Delhi,UPI,SKU127,Product_127,Bakery,3,71.7,3.59,211.51,10.58,0,0,10-20 min,Delivered,10.0,222.09
O0329,28-01-2025,1,28,Cust_28,Bulk,Cloud Kitchen,Delhi,PhonePe,SKU128,Product_128,Essentials,3,137.32,20.6,391.36,19.57,0,15,10-20 min,Delivered,27.0,425.9299999999999
O0330,26-02-2025,2,26,Cust_29,Bulk,Cloud Kitchen,Bangalore,UPI,SKU129,Product_129,Beverages,1,78.41,11.76,66.64999999999999,3.33,20,0,10-20 min,Delivered,24.0,89.97999999999999
O0331,25-01-2025,1,25,Cust_30,New,Household,Bangalore,COD,SKU130,Product_130,Fruits,2,54.54,8.18,100.9,5.05,30,20,10-20 min,Delivered,20.0,155.95
O0332,19-02-2025,2,19,Cust_31,Bulk,Bakery,Bangalore,GPay,SKU131,Product_131,Essentials,2,145.83,7.29,284.37,14.22,0,15,20-30 min,Delivered,38.0,313.59
O0333,23-01-2025,1,23,Cust_32,Bulk,Tea Stall,Bangalore,COD,SKU132,Product_132,Snacks,5,196.42,29.46,952.6399999999999,47.63,10,0,10-20 min,Delivered,20.0,1010.27
O0334,31-01-2025,1,31,Cust_33,Returning,Household,Bangalore,UPI,SKU133,Product_133,Veg,5,49.0,4.9,240.1,12.01,20,0,10-20 min,Cancelled,24.6,272.11
O0335,30-01-2025,1,30,Cust_34,Bulk,Bakery,Delhi,UPI,SKU134,Product_134,Other,1,84.45,8.45,76.0,3.8,30,10,10-20 min,Delivered,15.0,119.8
O0336,11-02-2025,2,11,Cust_35,Returning,Household,Bangalore,Wallet,SKU135,Product_135,Fruits ,3,117.24,5.86,345.86,17.29,0,15,20-30 min,Delivered,13.0,378.15
O0337,04-02-2025,2,4,Cust_36,Bulk,Tea Stall,Mumbai,COD,SKU136,Product_136,Baby,4,120.39,6.02,475.54,23.78,30,5,10-20 min,Delivered,23.0,534.32
O0338,07-01-2025,1,7,Cust_37,Bulk,Tea Stall,Mumbai,Wallet,SKU137,Product_137,Other,2,54.11,2.71,105.51,5.28,10,0,10-20 min,Delivered,21.0,120.79
O0339,01-03-2025,3,1,Cust_38,Bulk,Tea Stall,Delhi,Card,SKU138,Product_138,Fruits ,2,49.28,0.0,98.56,4.93,10,5,10-20 min,Delivered,20.0,118.49
O0340,16-01-2025,1,16,Cust_39,Bulk,Cloud Kitchen,Mumbai,Wallet,SKU139,Product_139,Bakery,5,161.82,0.0,809.0999999999999,40.45,20,20,20-30 min,Delivered,21.0,889.55
O0341,26-01-2025,1,26,Cust_40,Bulk,Café,Delhi,NetBanking,SKU140,Product_140,Beverages,1,125.7,0.0,125.7,6.29,20,0,10-20 min,Delivered,23.0,151.99
O0342,17-02-2025,2,17,Cust_41,Bulk,Bakery,Mumbai,UPI,SKU141,Product_141,Snacks,3,118.9,5.95,350.7500000000001,17.54,20,20,10-20 min,Delivered,28.0,408.2900000000001
O0343,26-02-2025,2,26,Cust_42,Returning,Household,Delhi,UPI,SKU142,Product_142,Veg,4,150.05,7.5,592.7,29.64,30,0,10-20 min,Returned,24.6,652.34
O0344,21-02-2025,2,21,Cust_43,Bulk,Cloud Kitchen,Mumbai,PhonePe,SKU143,Product_143,Essentials,4,170.93,17.09,666.63,33.33,20,15,10-20 min,Delivered,23.0,734.96
O0345,01-03-2025,3,1,Cust_44,Returning,Household,Mumbai,GPay,SKU144,Product_144,Beverages,2,123.67,0.0,247.34,12.37,30,20,10-20 min,Returned,24.6,309.71
O0346,18-02-2025,2,18,Cust_45,Bulk,Office,Bangalore,Wallet,SKU145,Product_145,Snacks,3,55.64,0.0,166.92,8.35,30,5,20-30 min,Delivered,27.0,210.27
O0347,02-01-2025,1,2,Cust_46,Bulk,Café,Delhi,PhonePe,SKU146,Product_146,Frozen,2,260.05,26.01,494.09,24.7,0,0,30-45 min,Delivered,32.0,518.7900000000001
O0348,01-01-2025,1,1,Cust_47,Bulk,Tea Stall,Mumbai,NetBanking,SKU147,Product_147,Dairy,4,186.06,0.0,744.24,37.21,20,20,10-20 min,Delivered,44.0,821.45
O0349,17-02-2025,2,17,Cust_48,Bulk,Tea Stall,Mumbai,UPI,SKU148,Product_148,Beverages,2,43.45,4.35,82.55000000000001,4.13,20,15,10-20 min,Delivered,29.0,121.68
O0350,12-01-2025,1,12,Cust_49,New,Household,Bangalore,Card,SKU149,Product_149,Essentials,4,219.87,10.99,868.49,43.42,10,20,20-30 min,Delivered,40.0,941.91
O0352,06-02-2025,2,6,Cust_51,Bulk,Tea Stall,Mumbai,GPay,SKU151,Product_151,Veg,3,99.41,0.0,298.23,14.91,10,5,30-45 min,Delivered,19.0,328.14
O0353,01-02-2025,2,1,Cust_52,Bulk,Café,Delhi,GPay,SKU152,Product_152,Beverages,2,112.52,16.88,208.16,10.41,20,20,30-45 min,Delivered,13.0,258.57
O0354,28-02-2025,2,28,Cust_53,Bulk,Café,Delhi,UPI,SKU153,Product_153,Frozen,5,116.92,11.69,572.91,28.65,10,0,10-20 min,Delivered,10.0,611.56
O0355,24-02-2025,2,24,Cust_54,Bulk,Tea Stall,Delhi,UPI,SKU154,Product_154,Veg,1,11.11,0.56,10.55,0.53,20,20,20-30 min,Delivered,44.0,51.08
O0356,09-01-2025,1,9,Cust_55,Bulk,Café,Mumbai,GPay,SKU155,Product_155,Beverages,8,103.82,0.0,830.56,41.53,20,0,10-20 min,Delivered,23.0,892.0899999999999
O0357,10-02-2025,2,10,Cust_56,Bulk,Cloud Kitchen,Mumbai,GPay,SKU156,Product_156,Dairy,4,151.27,7.56,597.5200000000001,29.88,20,5,10-20 min,Delivered,31.0,652.4000000000001
O0358,04-02-2025,2,4,Cust_57,Bulk,Café,Bangalore,GPay,SKU157,Product_157,Fruits ,5,107.73,16.16,522.49,26.12,20,15,20-30 min,Delivered,17.0,583.61
O0359,19-01-2025,1,19,Cust_58,Bulk,Office,Bangalore,PhonePe,SKU158,Product_158,Fruits ,1,155.61,15.56,140.05,7.0,0,15,10-20 min,Delivered,4.0,162.05
O0360,17-02-2025,2,17,Cust_59,Bulk,Office,Mumbai,GPay,SKU159,Product_159,Baby,6,105.52,0.0,633.12,31.66,0,20,10-20 min,Delivered,25.0,684.78
O0361,16-01-2025,1,16,Cust_60,Bulk,Café,Bangalore,UPI,SKU160,Product_160,Veg,5,185.07,9.25,916.0999999999999,45.8,20,10,10-20 min,Delivered,29.0,991.8999999999999
O0362,03-01-2025,1,3,Cust_61,New,Household,Delhi,COD,SKU161,Product_161,Veg,3,223.55,11.18,659.4700000000001,32.97,30,10,10-20 min,Failed,24.6,732.4400000000002
O0363,20-01-2025,1,20,Cust_62,Bulk,Café,Bangalore,COD,SKU162,Product_162,Snacks,5,33.63,5.04,163.11,8.16,0,15,10-20 min,Delivered,29.0,186.27
O0364,24-01-2025,1,24,Cust_63,Returning,Household,Mumbai,GPay,SKU163,Product_163,Frozen,3,141.09,21.16,402.11,20.11,30,0,20-30 min,Delivered,35.0,452.22
O0365,23-02-2025,2,23,Cust_64,Bulk,Office,Mumbai,UPI,SKU164,Product_164,Fruits ,6,78.23,7.82,461.56,23.08,0,20,10-20 min,Delivered,29.0,504.64
O0366,25-02-2025,2,25,Cust_65,Bulk,Bakery,Bangalore,GPay,SKU165,Product_165,Dairy,1,6.38,0.96,5.42,0.27,0,20,20-30 min,Delivered,27.0,25.69
O0367,02-02-2025,2,2,Cust_66,Bulk,Bakery,Bangalore,GPay,SKU166,Product_166,Other,2,157.7,0.0,315.4,15.77,20,5,10-20 min,Delivered,8.0,356.17
O0368,24-01-2025,1,24,Cust_67,Bulk,Cloud Kitchen,Mumbai,Card,SKU167,Product_167,Beverages,1,103.25,15.49,87.76,4.39,0,15,10-20 min,Delivered,35.0,107.15
O0369,21-02-2025,2,21,Cust_68,Bulk,Office,Bangalore,UPI,SKU168,Product_168,Veg,2,78.14,0.0,156.28,7.81,10,5,10-20 min,Delivered,22.0,179.09
O0370,11-01-2025,1,11,Cust_69,New,Household,Delhi,NetBanking,SKU169,Product_169,Bakery,1,31.36,3.14,28.22,1.41,10,10,10-20 min,Delivered,27.0,49.63
O0371,18-02-2025,2,18,Cust_70,Bulk,Office,Delhi,PhonePe,SKU170,Product_170,Frozen,5,41.47,6.22,201.13,10.06,10,20,20-30 min,Delivered,30.0,241.19
O0373,05-02-2025,2,5,Cust_72,Bulk,Café,Bangalore,UPI,SKU172,Product_172,Other,2,53.68,0.0,107.36,5.37,0,15,10-20 min,Delivered,32.0,127.73
O0374,07-02-2025,2,7,Cust_73,Bulk,Office,Bangalore,UPI,SKU173,Product_173,Frozen,3,150.33,22.55,428.44,21.42,20,10,10-20 min,Delivered,14.0,479.86
O0375,09-02-2025,2,9,Cust_74,Returning,Household,Bangalore,Card,SKU174,Product_174,Frozen,3,75.67,3.78,223.23,11.16,20,15,10-20 min,Cancelled,24.6,269.39
O0376,20-01-2025,1,20,Cust_75,Bulk,Office,Delhi,UPI,SKU175,Product_175,Frozen,4,78.32,3.92,309.36,15.47,10,15,20-30 min,Delivered,20.0,349.83
O0377,04-02-2025,2,4,Cust_76,Bulk,Office,Delhi,COD,SKU176,Product_176,Veg,1,120.92,12.09,108.83,5.44,0,15,10-20 min,Cancelled,24.6,129.27
O0378,17-02-2025,2,17,Cust_77,Bulk,Café,Bangalore,GPay,SKU177,Product_177,Fruits,3,174.1,0.0,522.3,26.11,10,10,20-30 min,Delivered,16.0,568.41
O0379,25-01-2025,1,25,Cust_78,Bulk,Tea Stall,Mumbai,NetBanking,SKU178,Product_178,Frozen,5,109.83,16.47,532.68,26.63,20,0,10-20 min,Delivered,26.0,579.31
O0380,04-02-2025,2,4,Cust_79,Bulk,Tea Stall,Bangalore,GPay,SKU179,Product_179,Bakery,3,183.6,18.36,532.4399999999999,26.62,20,0,20-30 min,Delivered,23.0,579.06
O0381,25-01-2025,1,25,Cust_80,Bulk,Bakery,Mumbai,PhonePe,SKU180,Product_180,Other,4,156.2,0.0,624.8,31.24,0,20,10-20 min,Delivered,23.0,676.04
O0382,29-01-2025,1,29,Cust_81,Bulk,Office,Mumbai,COD,SKU181,Product_181,Fruits ,4,126.65,6.33,500.27,25.01,20,5,10-20 min,Delivered,30.0,550.2800000000001
O0383,18-01-2025,1,18,Cust_82,Returning,Household,Mumbai,UPI,SKU182,Product_182,Frozen,1,131.49,0.0,131.49,6.57,0,0,30-45 min,Delivered,25.0,138.06
O0384,15-02-2025,2,15,Cust_83,Bulk,Office,Bangalore,COD,SKU183,Product_183,Essentials,3,131.84,0.0,395.52,19.78,30,10,20-30 min,Delivered,23.0,455.3
O0385,18-01-2025,1,18,Cust_84,Returning,Household,Bangalore,GPay,SKU184,Product_184,Dairy,1,93.71,9.37,84.33999999999999,4.22,30,20,20-30 min,Cancelled,24.6,138.56
O0386,02-01-2025,1,2,Cust_85,Bulk,Office,Mumbai,GPay,SKU185,Product_185,Bakery,3,120.03,0.0,360.09,18.0,30,5,10-20 min,Delivered,31.0,413.09
O0387,23-02-2025,2,23,Cust_86,Bulk,Café,Bangalore,UPI,SKU186,Product_186,Veg,1,107.43,5.37,102.06,5.1,30,20,20-30 min,Delivered,19.0,157.16
O0388,04-02-2025,2,4,Cust_87,Bulk,Tea Stall,Delhi,COD,SKU187,Product_187,Fruits,2,9.88,0.49,19.27,0.96,0,20,20-30 min,Delivered,38.0,40.23
O0389,16-01-2025,1,16,Cust_88,Bulk,Cloud Kitchen,Delhi,PhonePe,SKU188,Product_188,Snacks,4,100.48,10.05,391.87,19.59,10,10,20-30 min,Delivered,22.0,431.46
O0390,10-02-2025,2,10,Cust_89,Bulk,Bakery,Mumbai,UPI,SKU189,Product_189,Frozen,3,160.37,16.04,465.07,23.25,0,5,20-30 min,Delivered,23.0,493.32
O0391,05-02-2025,2,5,Cust_90,Bulk,Café,Bangalore,Wallet,SKU190,Product_190,Snacks,3,99.61,14.94,283.89,14.19,10,20,10-20 min,Cancelled,24.6,328.08
O0392,02-02-2025,2,2,Cust_91,Bulk,Bakery,Bangalore,UPI,SKU191,Product_191,Veg,2,156.19,0.0,312.38,15.62,20,20,10-20 min,Delivered,35.0,368.0
O0393,04-01-2025,1,4,Cust_92,Bulk,Tea Stall,Mumbai,COD,SKU192,Product_192,Dairy,4,15.37,0.0,61.48,3.07,0,10,20-30 min,Cancelled,24.6,74.55
O0394,02-02-2025,2,2,Cust_93,Returning,Household,Bangalore,PhonePe,SKU193,Product_193,Dairy,3,106.28,0.0,318.84,15.94,10,5,20-30 min,Delivered,15.0,349.78
O0395,14-01-2025,1,14,Cust_94,Bulk,Office,Mumbai,NetBanking,SKU194,Product_194,Beverages,7,167.08,8.35,1161.21,58.06,10,5,10-20 min,Delivered,31.0,1234.27
O0396,21-01-2025,1,21,Cust_95,Bulk,Office,Delhi,Wallet,SKU195,Product_195,Veg,3,241.07,24.11,699.1,34.96,30,15,20-30 min,Returned,24.6,779.0600000000001
O0397,17-02-2025,2,17,Cust_96,Bulk,Cloud Kitchen,Delhi,UPI,SKU196,Product_196,Fruits ,3,162.92,16.29,472.47,23.62,30,15,20-30 min,Delivered,32.0,541.0899999999999
O0398,20-01-2025,1,20,Cust_97,Bulk,Café,Delhi,PhonePe,SKU197,Product_197,Dairy,2,131.53,0.0,263.06,13.15,10,10,20-30 min,Failed,24.6,296.21
O0399,25-02-2025,2,25,Cust_98,Bulk,Café,Bangalore,UPI,SKU198,Product_198,Snacks,3,212.94,0.0,638.8199999999999,31.94,10,20,20-30 min,Delivered,34.0,700.76
O0400,08-01-2025,1,8,Cust_99,Bulk,Café,Delhi,PhonePe,SKU199,Product_199,Other,6,129.89,19.48,759.8599999999999,37.99,30,20,20-30 min,Delivered,25.0,847.8499999999999
O0401,07-01-2025,1,7,Cust_100,Bulk,Office,Mumbai,NetBanking,SKU0,Product_0,Baby,4,160.62,16.06,626.4200000000001,31.32,30,10,10-20 min,Delivered,20.0,697.7400000000001
O0402,03-01-2025,1,3,Cust_101,New,Household,Mumbai,Card,SKU1,Product_1,Fruits,2,137.87,0.0,275.74,13.79,0,15,30-45 min,Cancelled,24.6,304.53
O0403,17-01-2025,1,17,Cust_102,Returning,Household,Delhi,UPI,SKU2,Product_2,Veg,4,82.8,0.0,331.2,16.56,30,0,10-20 min,Delivered,49.0,377.76
O0404,02-02-2025,2,2,Cust_103,New,Household,Mumbai,UPI,SKU3,Product_3,Frozen,4,226.37,11.32,894.16,44.71,10,15,30-45 min,Delivered,25.0,963.87
O0406,12-01-2025,1,12,Cust_105,Bulk,Café,Delhi,UPI,SKU5,Product_5,Beverages,3,166.1,0.0,498.3,24.91,0,0,10-20 min,Delivered,39.0,523.2099999999999
O0407,28-02-2025,2,28,Cust_106,Bulk,Tea Stall,Mumbai,NetBanking,SKU6,Product_6,Other,2,171.88,8.59,335.17,16.76,10,15,10-20 min,Cancelled,24.6,376.93
O0408,20-02-2025,2,20,Cust_107,Bulk,Office,Bangalore,UPI,SKU7,Product_7,Veg,3,97.82,0.0,293.46,14.67,20,5,10-20 min,Delivered,36.0,333.13
O0409,22-01-2025,1,22,Cust_108,Bulk,Café,Bangalore,PhonePe,SKU8,Product_8,Beverages,4,105.96,15.89,407.95,20.4,20,20,10-20 min,Delivered,29.0,468.35
O0410,24-02-2025,2,24,Cust_109,Bulk,Tea Stall,Delhi,UPI,SKU9,Product_9,Beverages,3,97.01,4.85,286.18,14.31,0,10,20-30 min,Delivered,16.0,310.49
O0411,22-01-2025,1,22,Cust_110,Bulk,Cloud Kitchen,Mumbai,Card,SKU10,Product_10,Baby,7,122.27,6.11,849.78,42.49,20,20,10-20 min,Delivered,30.0,932.27
O0412,15-02-2025,2,15,Cust_111,Returning,Household,Mumbai,COD,SKU11,Product_11,Frozen,7,120.41,12.04,830.83,41.54,30,15,10-20 min,Cancelled,24.6,917.37
O0413,30-01-2025,1,30,Cust_112,Returning,Household,Bangalore,GPay,SKU12,Product_12,Other,4,131.08,6.55,517.7700000000001,25.89,0,0,20-30 min,Delivered,46.0,543.6600000000001
O0414,07-02-2025,2,7,Cust_113,Bulk,Cloud Kitchen,Delhi,UPI,SKU13,Product_13,Fruits ,1,257.34,25.73,231.61,11.58,0,15,20-30 min,Delivered,9.0,258.19
O0415,07-02-2025,2,7,Cust_114,Bulk,Tea Stall,Bangalore,NetBanking,SKU14,Product_14,Dairy,3,142.27,7.11,419.7,20.99,0,0,20-30 min,Delivered,17.0,440.6900000000001
O0416,14-02-2025,2,14,Cust_115,Bulk,Tea Stall,Mumbai,Wallet,SKU15,Product_15,Dairy,3,24.11,3.62,68.71,3.44,30,5,10-20 min,Delivered,29.0,107.15
O0417,20-02-2025,2,20,Cust_116,Returning,Household,Mumbai,NetBanking,SKU16,Product_16,Beverages,1,129.42,19.41,110.01,5.5,30,0,20-30 min,Delivered,30.0,145.51
O0418,23-02-2025,2,23,Cust_117,Bulk,Tea Stall,Mumbai,UPI,SKU17,Product_17,Frozen,4,145.55,7.28,574.9200000000001,28.75,20,0,10-20 min,Delivered,25.0,623.6700000000001
O0419,08-01-2025,1,8,Cust_118,Bulk,Office,Bangalore,UPI,SKU18,Product_18,Veg,3,151.73,7.59,447.6,22.38,30,0,10-20 min,Delivered,22.0,499.98
O0420,27-01-2025,1,27,Cust_119,Bulk,Tea Stall,Delhi,COD,SKU19,Product_19,Bakery,1,133.93,20.09,113.84,5.69,0,5,10-20 min,Failed,24.6,124.53
O0421,27-01-2025,1,27,Cust_120,Bulk,Café,Delhi,GPay,SKU20,Product_20,Frozen,1,188.26,0.0,188.26,9.41,10,0,10-20 min,Returned,24.6,207.67
O0422,03-02-2025,2,3,Cust_121,Bulk,Tea Stall,Bangalore,Wallet,SKU21,Product_21,Frozen,3,173.67,8.68,512.33,25.62,20,0,20-30 min,Delivered,3.0,557.95
O0423,21-01-2025,1,21,Cust_122,Bulk,Café,Bangalore,PhonePe,SKU22,Product_22,Other,3,40.6,2.03,119.77,5.99,20,20,20-30 min,Delivered,16.0,165.76
O0424,30-01-2025,1,30,Cust_123,Bulk,Office,Mumbai,Card,SKU23,Product_23,Veg,1,245.98,0.0,245.98,12.3,20,0,30-45 min,Failed,24.6,278.28
O0425,02-02-2025,2,2,Cust_124,Bulk,Bakery,Mumbai,UPI,SKU24,Product_24,Beverages,2,74.52,3.73,145.31,7.27,30,5,20-30 min,Delivered,9.0,187.58
O0426,28-01-2025,1,28,Cust_125,Bulk,Café,Bangalore,NetBanking,SKU25,Product_25,Dairy,1,199.28,19.93,179.35,8.97,0,15,10-20 min,Delivered,27.0,203.32
O0427,16-02-2025,2,16,Cust_126,Bulk,Tea Stall,Bangalore,Card,SKU26,Product_26,Snacks,3,17.72,0.89,52.27,2.61,30,0,10-20 min,Delivered,20.0,84.88
O0428,02-02-2025,2,2,Cust_127,Bulk,Café,Bangalore,NetBanking,SKU27,Product_27,Snacks,1,216.61,0.0,216.61,10.83,30,0,10-20 min,Delivered,29.0,257.4400000000001
O0429,05-01-2025,1,5,Cust_128,Bulk,Tea Stall,Mumbai,NetBanking,SKU28,Product_28,Other,4,95.58,9.56,372.76,18.64,10,0,10-20 min,Delivered,31.0,401.4
O0430,01-03-2025,3,1,Cust_129,Returning,Household,Mumbai,UPI,SKU29,Product_29,Baby,3,222.12,11.11,655.25,32.76,20,5,20-30 min,Delivered,41.0,713.01
O0431,17-02-2025,2,17,Cust_130,Bulk,Bakery,Delhi,COD,SKU30,Product_30,Beverages,3,106.92,5.35,315.41,15.77,10,20,30-45 min,Delivered,13.0,361.1799999999999
O0432,19-01-2025,1,19,Cust_131,Bulk,Tea Stall,Delhi,COD,SKU31,Product_31,Dairy,2,175.3,8.77,341.83,17.09,10,10,10-20 min,Delivered,10.0,378.92
O0433,04-01-2025,1,4,Cust_132,Bulk,Cloud Kitchen,Delhi,UPI,SKU32,Product_32,Essentials,3,86.96,0.0,260.88,13.04,20,15,30-45 min,Failed,24.6,308.92
O0434,04-02-2025,2,4,Cust_133,Bulk,Café,Mumbai,UPI,SKU33,Product_33,Frozen,1,36.25,3.62,32.63,1.63,30,0,20-30 min,Delivered,26.0,64.26
O0435,18-02-2025,2,18,Cust_134,New,Household,Bangalore,PhonePe,SKU34,Product_34,Beverages,2,177.46,17.75,337.17,16.86,0,5,10-20 min,Delivered,35.0,359.03
O0436,17-01-2025,1,17,Cust_135,Bulk,Bakery,Mumbai,UPI,SKU35,Product_35,Frozen,2,126.57,0.0,253.14,12.66,20,20,10-20 min,Delivered,35.0,305.8
O0437,13-02-2025,2,13,Cust_136,Returning,Household,Delhi,COD,SKU36,Product_36,Veg,2,159.97,16.0,303.94,15.2,0,10,10-20 min,Failed,24.6,329.14
O0438,28-01-2025,1,28,Cust_137,New,Household,Bangalore,PhonePe,SKU37,Product_37,Bakery,7,171.47,0.0,1200.29,60.01,0,0,30-45 min,Delivered,18.0,1260.3
O0439,30-01-2025,1,30,Cust_138,Returning,Household,Bangalore,PhonePe,SKU38,Product_38,Veg,3,85.07,8.51,246.7,12.34,10,15,10-20 min,Delivered,19.0,284.04
O0440,29-01-2025,1,29,Cust_139,Bulk,Bakery,Bangalore,NetBanking,SKU39,Product_39,Snacks,1,62.05,9.31,52.73999999999999,2.64,0,5,10-20 min,Delivered,14.0,60.38
O0441,15-02-2025,2,15,Cust_140,Bulk,Bakery,Delhi,PhonePe,SKU40,Product_40,Fruits ,6,16.45,2.47,96.22999999999999,4.81,30,5,20-30 min,Delivered,18.0,136.04
O0443,06-01-2025,1,6,Cust_142,Bulk,Bakery,Mumbai,Card,SKU42,Product_42,Fruits,1,84.15,0.0,84.15,4.21,10,15,10-20 min,Delivered,39.0,113.36
O0444,04-02-2025,2,4,Cust_143,Returning,Household,Delhi,GPay,SKU43,Product_43,Essentials,1,133.71,0.0,133.71,6.69,0,0,10-20 min,Delivered,26.0,140.4
O0445,01-03-2025,3,1,Cust_144,Bulk,Café,Mumbai,Wallet,SKU44,Product_44,Fruits ,1,159.03,7.95,151.08,7.55,0,15,10-20 min,Delivered,9.0,173.63
O0446,10-02-2025,2,10,Cust_145,Bulk,Cloud Kitchen,Delhi,UPI,SKU45,Product_45,Other,4,168.2,25.23,647.5699999999999,32.38,20,20,10-20 min,Delivered,32.0,719.9499999999999
O0447,06-02-2025,2,6,Cust_146,Bulk,Bakery,Bangalore,UPI,SKU46,Product_46,Frozen,4,117.08,11.71,456.61,22.83,20,5,10-20 min,Delivered,29.0,504.44
O0448,24-01-2025,1,24,Cust_147,Bulk,Café,Mumbai,PhonePe,SKU47,Product_47,Essentials,2,133.22,19.98,246.46,12.32,10,5,10-20 min,Delivered,31.0,273.78
O0449,29-01-2025,1,29,Cust_148,Bulk,Office,Bangalore,Card,SKU48,Product_48,Frozen,3,97.91,4.9,288.83,14.44,30,0,10-20 min,Delivered,20.0,333.27
O0450,18-02-2025,2,18,Cust_149,Bulk,Office,Bangalore,UPI,SKU49,Product_49,Beverages,4,188.47,28.27,725.61,36.28,0,10,30-45 min,Delivered,24.0,771.89
O0451,15-02-2025,2,15,Cust_150,Bulk,Office,Bangalore,GPay,SKU50,Product_50,Frozen,4,197.48,19.75,770.17,38.51,20,0,10-20 min,Delivered,8.0,828.68
O0452,22-02-2025,2,22,Cust_151,Bulk,Bakery,Bangalore,NetBanking,SKU51,Product_51,Other,2,137.99,20.7,255.28,12.76,10,20,20-30 min,Cancelled,24.6,298.04
O0453,31-01-2025,1,31,Cust_152,New,Household,Mumbai,UPI,SKU52,Product_52,Bakery,5,141.79,0.0,708.9499999999999,35.45,10,10,10-20 min,Delivered,32.0,764.4
O0454,04-02-2025,2,4,Cust_153,Bulk,Office,Mumbai,COD,SKU53,Product_53,Baby,1,150.04,22.51,127.53,6.38,20,20,10-20 min,Delivered,25.0,173.91
O0455,01-03-2025,3,1,Cust_154,New,Household,Bangalore,UPI,SKU54,Product_54,Other,6,122.4,18.36,716.0400000000001,35.8,30,0,10-20 min,Cancelled,24.6,781.84
O0456,02-02-2025,2,2,Cust_155,Bulk,Café,Delhi,NetBanking,SKU55,Product_55,Frozen,3,88.44,0.0,265.32,13.27,10,0,20-30 min,Delivered,26.0,288.59
O0457,21-02-2025,2,21,Cust_156,Bulk,Cloud Kitchen,Delhi,GPay,SKU56,Product_56,Beverages,3,52.97,5.3,153.61,7.68,10,0,20-30 min,Delivered,14.0,171.29
O0458,21-01-2025,1,21,Cust_157,Bulk,Office,Delhi,NetBanking,SKU57,Product_57,Baby,5,157.02,7.85,777.25,38.86,20,10,20-30 min,Delivered,29.0,846.11
O0459,01-02-2025,2,1,Cust_158,Bulk,Cloud Kitchen,Mumbai,NetBanking,SKU58,Product_58,Other,2,124.18,12.42,235.94,11.8,0,5,10-20 min,Delivered,18.0,252.74
O0460,23-01-2025,1,23,Cust_159,Bulk,Café,Mumbai,COD,SKU59,Product_59,Dairy,1,38.84,1.94,36.90000000000001,1.85,10,0,10-20 min,Delivered,23.0,48.75000000000001
O0461,02-02-2025,2,2,Cust_160,Bulk,Café,Bangalore,PhonePe,SKU60,Product_60,Veg,4,78.89,7.89,307.67,15.38,30,15,10-20 min,Delivered,23.0,368.05
O0462,03-01-2025,1,3,Cust_161,Bulk,Tea Stall,Delhi,Wallet,SKU61,Product_61,Fruits ,1,17.56,1.76,15.8,0.79,20,15,10-20 min,Failed,24.6,51.59
O0463,18-01-2025,1,18,Cust_162,Bulk,Office,Bangalore,UPI,SKU62,Product_62,Beverages,2,110.2,11.02,209.38,10.47,20,0,20-30 min,Delivered,26.0,239.85
O0464,25-01-2025,1,25,Cust_163,New,Household,Mumbai,NetBanking,SKU63,Product_63,Other,2,187.04,28.06,346.02,17.3,30,5,10-20 min,Delivered,39.0,398.32
O0466,31-01-2025,1,31,Cust_165,New,Household,Delhi,NetBanking,SKU65,Product_65,Frozen,1,144.29,7.21,137.08,6.85,0,5,20-30 min,Delivered,24.0,148.93
O0467,23-02-2025,2,23,Cust_166,Bulk,Office,Bangalore,UPI,SKU66,Product_66,Fruits,2,64.55,3.23,125.87,6.29,0,10,30-45 min,Delivered,18.0,142.16
O0468,27-02-2025,2,27,Cust_167,Bulk,Tea Stall,Mumbai,GPay,SKU67,Product_67,Dairy,6,72.17,3.61,429.41,21.47,10,10,10-20 min,Returned,24.6,470.88
O0469,03-01-2025,1,3,Cust_168,Bulk,Tea Stall,Delhi,COD,SKU68,Product_68,Frozen,3,222.34,0.0,667.02,33.35,10,5,20-30 min,Delivered,26.0,715.37
O0470,09-02-2025,2,9,Cust_169,Bulk,Tea Stall,Delhi,GPay,SKU69,Product_69,Fruits,6,149.36,0.0,896.1600000000001,44.81,0,15,10-20 min,Delivered,17.0,955.97
O0471,15-02-2025,2,15,Cust_170,New,Household,Bangalore,GPay,SKU70,Product_70,Veg,3,225.94,11.3,666.52,33.33,0,15,20-30 min,Delivered,18.0,714.85
O0472,24-01-2025,1,24,Cust_171,Bulk,Cloud Kitchen,Delhi,NetBanking,SKU71,Product_71,Beverages,3,67.45,10.12,192.23,9.61,20,0,10-20 min,Delivered,33.0,221.84
O0473,19-02-2025,2,19,Cust_172,Bulk,Cloud Kitchen,Delhi,Card,SKU72,Product_72,Veg,1,171.39,25.71,145.68,7.28,30,20,20-30 min,Delivered,42.0,202.96
O0474,01-02-2025,2,1,Cust_173,Bulk,Office,Bangalore,Card,SKU73,Product_73,Essentials,7,61.35,6.14,423.31,21.17,10,10,10-20 min,Delivered,30.0,464.48
O0475,16-02-2025,2,16,Cust_174,Bulk,Cloud Kitchen,Delhi,Card,SKU74,Product_74,Frozen,3,219.86,21.99,637.59,31.88,20,10,30-45 min,Delivered,32.0,699.47
O0476,22-01-2025,1,22,Cust_175,Bulk,Bakery,Bangalore,NetBanking,SKU75,Product_75,Beverages,2,117.39,0.0,234.78,11.74,30,20,10-20 min,Failed,24.6,296.52
O0477,23-01-2025,1,23,Cust_176,Bulk,Tea Stall,Mumbai,UPI,SKU76,Product_76,Beverages,4,124.02,6.2,489.88,24.49,0,0,10-20 min,Delivered,36.0,514.37
O0478,02-01-2025,1,2,Cust_177,Bulk,Bakery,Mumbai,NetBanking,SKU77,Product_77,Snacks,2,70.12,0.0,140.24,7.01,0,0,10-20 min,Delivered,31.0,147.25
O0479,27-01-2025,1,27,Cust_178,Bulk,Tea Stall,Mumbai,Wallet,SKU78,Product_78,Snacks,6,119.18,5.96,709.12,35.46,30,20,10-20 min,Delivered,27.0,794.58
O0480,11-02-2025,2,11,Cust_179,Bulk,Bakery,Bangalore,GPay,SKU79,Product_79,Essentials,2,23.67,2.37,44.97000000000001,2.25,10,0,10-20 min,Delivered,20.0,57.22000000000001
O0481,02-01-2025,1,2,Cust_180,Bulk,Café,Bangalore,NetBanking,SKU80,Product_80,Essentials,6,202.89,30.43,1186.91,59.35,0,5,10-20 min,Delivered,37.0,1251.26
O0482,26-01-2025,1,26,Cust_181,Bulk,Cloud Kitchen,Bangalore,NetBanking,SKU81,Product_81,Dairy,5,141.55,21.23,686.52,34.33,20,10,10-20 min,Returned,24.6,750.85
O0483,17-01-2025,1,17,Cust_182,Bulk,Bakery,Mumbai,NetBanking,SKU82,Product_82,Other,4,115.55,11.55,450.65,22.53,0,5,20-30 min,Cancelled,24.6,478.1799999999999
O0484,09-02-2025,2,9,Cust_183,New,Household,Delhi,Card,SKU83,Product_83,Dairy,2,61.61,9.24,113.98,5.7,0,0,20-30 min,Delivered,6.0,119.68
O0485,02-02-2025,2,2,Cust_184,Bulk,Bakery,Delhi,NetBanking,SKU84,Product_84,Snacks,6,218.05,32.71,1275.59,63.78,0,0,20-30 min,Delivered,29.0,1339.37
O0486,09-01-2025,1,9,Cust_185,Bulk,Office,Delhi,COD,SKU85,Product_85,Beverages,3,175.0,26.25,498.75,24.94,20,20,10-20 min,Delivered,18.0,563.69
O0487,12-02-2025,2,12,Cust_186,Bulk,Bakery,Bangalore,UPI,SKU86,Product_86,Frozen,1,125.55,12.55,113.0,5.65,30,0,20-30 min,Delivered,17.0,148.65
O0488,23-02-2025,2,23,Cust_187,Bulk,Cloud Kitchen,Delhi,UPI,SKU87,Product_87,Bakery,3,37.44,1.87,110.45,5.52,30,15,10-20 min,Delivered,21.0,160.97
O0489,17-02-2025,2,17,Cust_188,Bulk,Tea Stall,Delhi,Wallet,SKU88,Product_88,Veg,4,96.67,9.67,377.01,18.85,0,20,10-20 min,Delivered,28.0,415.86
O0490,08-02-2025,2,8,Cust_189,Bulk,Office,Mumbai,GPay,SKU89,Product_89,Dairy,4,94.78,4.74,374.38,18.72,30,10,20-30 min,Delivered,38.0,433.1
O0491,29-01-2025,1,29,Cust_190,Returning,Household,Delhi,Wallet,SKU90,Product_90,Fruits,5,146.16,0.0,730.8,36.54,0,15,30-45 min,Delivered,44.0,782.3399999999999
O0492,11-02-2025,2,11,Cust_191,Bulk,Bakery,Delhi,NetBanking,SKU91,Product_91,Dairy,1,96.21,9.62,86.58999999999999,4.33,30,15,30-45 min,Delivered,38.0,135.92
O0493,24-02-2025,2,24,Cust_192,New,Household,Mumbai,NetBanking,SKU92,Product_92,Essentials,3,200.57,10.03,591.6800000000001,29.58,0,15,20-30 min,Cancelled,24.6,636.2600000000001
O0494,26-01-2025,1,26,Cust_193,New,Household,Delhi,GPay,SKU93,Product_93,Beverages,1,217.57,21.76,195.81,9.79,20,0,10-20 min,Delivered,32.0,225.6
O0495,04-02-2025,2,4,Cust_194,Bulk,Tea Stall,Bangalore,GPay,SKU94,Product_94,Baby,2,178.74,26.81,330.67,16.53,30,15,20-30 min,Delivered,14.0,392.2
O0496,19-02-2025,2,19,Cust_195,New,Household,Mumbai,GPay,SKU95,Product_95,Veg,1,90.46,0.0,90.46,4.52,20,20,10-20 min,Delivered,33.0,134.98
O0497,25-01-2025,1,25,Cust_196,Bulk,Office,Mumbai,GPay,SKU96,Product_96,Beverages,4,78.34,7.83,305.53,15.28,20,20,10-20 min,Delivered,28.0,360.81
O0498,24-01-2025,1,24,Cust_197,Bulk,Cloud Kitchen,Bangalore,GPay,SKU97,Product_97,Beverages,1,70.48,10.57,59.91,3.0,0,15,10-20 min,Returned,24.6,77.91
O0499,13-01-2025,1,13,Cust_198,New,Household,Mumbai,COD,SKU98,Product_98,Veg,1,151.97,0.0,151.97,7.6,0,10,20-30 min,Failed,24.6,169.57
O0500,01-03-2025,3,1,Cust_199,Returning,Household,Mumbai,NetBanking,SKU99,Product_99,Bakery,3,127.54,19.13,363.49,18.17,0,15,10-20 min,Cancelled,24.6,396.66
O0501,27-02-2025,2,27,Cust_200,New,Household,Bangalore,Card,SKU100,Product_100,Essentials,4,193.95,19.39,756.41,37.82,10,15,20-30 min,Delivered,32.0,819.23
O0502,07-01-2025,1,7,Cust_201,New,Household,Bangalore,UPI,SKU101,Product_101,Other,3,158.27,15.83,458.9800000000001,22.95,10,0,10-20 min,Delivered,22.0,491.9300000000001
O0503,26-02-2025,2,26,Cust_202,Bulk,Bakery,Bangalore,Card,SKU102,Product_102,Beverages,3,299.12,44.87,852.49,42.62,0,0,10-20 min,Delivered,39.0,895.11
O0504,05-02-2025,2,5,Cust_203,Bulk,Café,Delhi,GPay,SKU103,Product_103,Fruits ,3,130.49,19.57,371.9,18.6,20,15,10-20 min,Delivered,26.0,425.5000000000001
O0505,14-02-2025,2,14,Cust_204,Bulk,Office,Delhi,Wallet,SKU104,Product_104,Snacks,1,56.06,0.0,56.06,2.8,0,15,30-45 min,Delivered,14.0,73.86
O0506,20-01-2025,1,20,Cust_205,Bulk,Office,Bangalore,COD,SKU105,Product_105,Frozen,4,215.69,0.0,862.76,43.14,30,10,30-45 min,Delivered,20.0,945.9
O0507,01-01-2025,1,1,Cust_206,Bulk,Café,Bangalore,UPI,SKU106,Product_106,Veg,3,224.68,0.0,674.04,33.7,20,5,20-30 min,Delivered,4.0,732.74
O0508,08-01-2025,1,8,Cust_207,Bulk,Cloud Kitchen,Mumbai,UPI,SKU107,Product_107,Fruits,4,77.43,7.74,301.98,15.1,30,0,10-20 min,Delivered,12.0,347.08
O0509,15-02-2025,2,15,Cust_208,New,Household,Delhi,UPI,SKU108,Product_108,Frozen,2,99.75,9.98,189.52,9.48,20,20,10-20 min,Delivered,11.0,239.0
O0510,16-01-2025,1,16,Cust_209,Bulk,Bakery,Mumbai,GPay,SKU109,Product_109,Beverages,1,146.92,22.04,124.88,6.24,30,0,20-30 min,Delivered,40.0,161.12
O0511,14-01-2025,1,14,Cust_210,Bulk,Cloud Kitchen,Delhi,UPI,SKU110,Product_110,Dairy,1,7.2,0.36,6.84,0.34,10,15,10-20 min,Delivered,16.0,32.18
O0512,12-01-2025,1,12,Cust_211,Bulk,Cloud Kitchen,Bangalore,COD,SKU111,Product_111,Veg,6,120.03,12.0,708.1800000000001,35.41,0,10,10-20 min,Delivered,12.0,753.59
O0513,20-02-2025,2,20,Cust_212,Bulk,Café,Mumbai,UPI,SKU112,Product_112,Beverages,3,175.46,26.32,500.06,25.0,0,5,10-20 min,Delivered,27.0,530.06
O0514,23-01-2025,1,23,Cust_213,Bulk,Café,Delhi,PhonePe,SKU113,Product_113,Baby,1,113.89,11.39,102.5,5.12,10,5,10-20 min,Delivered,32.0,122.62
O0515,15-01-2025,1,15,Cust_214,Bulk,Café,Bangalore,GPay,SKU114,Product_114,Baby,1,159.07,23.86,135.21,6.76,10,15,20-30 min,Cancelled,24.6,166.97
O0516,28-01-2025,1,28,Cust_215,Returning,Household,Mumbai,GPay,SKU115,Product_115,Beverages,2,130.61,6.53,254.69,12.73,0,0,20-30 min,Delivered,35.0,267.42
O0517,03-02-2025,2,3,Cust_216,Bulk,Office,Mumbai,UPI,SKU116,Product_116,Dairy,3,277.25,0.0,831.75,41.59,30,10,30-45 min,Returned,24.6,913.34
O0518,02-01-2025,1,2,Cust_217,Bulk,Café,Delhi,PhonePe,SKU117,Product_117,Fruits,1,158.12,15.81,142.31,7.12,0,5,10-20 min,Delivered,28.0,154.43
O0519,01-02-2025,2,1,Cust_218,Bulk,Tea Stall,Bangalore,COD,SKU118,Product_118,Bakery,5,169.25,16.93,829.32,41.47,0,15,20-30 min,Delivered,28.0,885.7900000000001
O0521,22-01-2025,1,22,Cust_220,Returning,Household,Mumbai,PhonePe,SKU120,Product_120,Beverages,3,102.14,5.11,301.31,15.07,20,5,10-20 min,Delivered,21.0,341.38
O0522,20-02-2025,2,20,Cust_221,Bulk,Cloud Kitchen,Bangalore,UPI,SKU121,Product_121,Essentials,2,194.25,0.0,388.5,19.43,30,15,10-20 min,Delivered,20.0,452.93
O0523,25-01-2025,1,25,Cust_222,Bulk,Café,Delhi,PhonePe,SKU122,Product_122,Snacks,2,176.44,8.82,344.06,17.2,10,0,10-20 min,Delivered,31.0,371.26
O0524,27-02-2025,2,27,Cust_223,Bulk,Bakery,Bangalore,COD,SKU123,Product_123,Bakery,3,83.6,4.18,246.62,12.33,10,0,10-20 min,Delivered,27.0,268.95
O0525,22-01-2025,1,22,Cust_224,New,Household,Delhi,GPay,SKU124,Product_124,Frozen,2,200.77,10.04,391.5,19.58,10,10,20-30 min,Delivered,6.0,431.08
O0526,27-02-2025,2,27,Cust_225,Bulk,Cloud Kitchen,Bangalore,Wallet,SKU125,Product_125,Essentials,4,129.06,19.36,496.88,24.84,20,20,10-20 min,Failed,24.6,561.72
O0527,27-02-2025,2,27,Cust_226,Bulk,Office,Delhi,UPI,SKU126,Product_126,Fruits,2,66.89,0.0,133.78,6.69,20,5,10-20 min,Delivered,39.0,165.47
O0528,22-01-2025,1,22,Cust_227,Bulk,Café,Delhi,GPay,SKU127,Product_127,Frozen,2,96.28,4.81,187.75,9.39,10,15,10-20 min,Delivered,22.0,222.14
O0529,18-02-2025,2,18,Cust_228,Bulk,Tea Stall,Mumbai,COD,SKU128,Product_128,Dairy,7,74.21,7.42,512.05,25.6,10,0,30-45 min,Delivered,27.0,547.65
O0530,21-02-2025,2,21,Cust_229,Bulk,Office,Mumbai,UPI,SKU129,Product_129,Essentials,3,85.26,8.53,247.25,12.36,10,20,10-20 min,Delivered,38.0,289.61
O0531,11-02-2025,2,11,Cust_230,Bulk,Office,Delhi,UPI,SKU130,Product_130,Dairy,3,200.3,30.05,570.8500000000001,28.54,30,15,30-45 min,Cancelled,24.6,644.3900000000001
O0532,06-01-2025,1,6,Cust_231,Bulk,Bakery,Delhi,GPay,SKU131,Product_131,Essentials,1,71.94,3.6,68.34,3.42,10,10,10-20 min,Delivered,40.0,91.76
O0533,15-01-2025,1,15,Cust_232,Bulk,Café,Delhi,UPI,SKU132,Product_132,Veg,1,23.41,3.51,19.9,0.99,20,5,10-20 min,Delivered,26.0,45.89
O0534,23-02-2025,2,23,Cust_233,Bulk,Tea Stall,Bangalore,UPI,SKU133,Product_133,Veg,3,167.05,0.0,501.15,25.06,20,5,10-20 min,Delivered,28.0,551.21
O0535,12-02-2025,2,12,Cust_234,Bulk,Cloud Kitchen,Mumbai,NetBanking,SKU134,Product_134,Dairy,1,143.88,7.19,136.69,6.83,20,5,10-20 min,Delivered,41.0,168.52
O0536,01-03-2025,3,1,Cust_235,Bulk,Office,Bangalore,UPI,SKU135,Product_135,Veg,1,44.68,4.47,40.21,2.01,0,5,10-20 min,Failed,24.6,47.22
O0537,06-02-2025,2,6,Cust_236,Bulk,Office,Delhi,NetBanking,SKU136,Product_136,Other,3,176.55,26.48,503.1700000000001,25.16,10,0,10-20 min,Delivered,33.0,538.33
O0538,02-02-2025,2,2,Cust_237,Bulk,Café,Delhi,COD,SKU137,Product_137,Frozen,1,134.43,0.0,134.43,6.72,0,0,10-20 min,Delivered,30.0,141.15
O0539,08-01-2025,1,8,Cust_238,Bulk,Cloud Kitchen,Bangalore,NetBanking,SKU138,Product_138,Other,5,213.07,21.31,1044.04,52.2,0,15,10-20 min,Delivered,3.0,1111.24
O0540,22-02-2025,2,22,Cust_239,Bulk,Café,Mumbai,GPay,SKU139,Product_139,Dairy,5,163.63,8.18,809.97,40.5,20,0,10-20 min,Delivered,13.0,870.47
O0541,01-03-2025,3,1,Cust_240,Bulk,Office,Mumbai,GPay,SKU140,Product_140,Baby,1,14.1,0.71,13.39,0.67,0,5,20-30 min,Returned,24.6,19.06
O0542,13-02-2025,2,13,Cust_241,Bulk,Cloud Kitchen,Mumbai,UPI,SKU141,Product_141,Dairy,2,170.89,17.09,324.69,16.23,0,0,10-20 min,Delivered,12.0,340.92
O0543,13-02-2025,2,13,Cust_242,Bulk,Tea Stall,Delhi,COD,SKU142,Product_142,Essentials,3,118.33,11.83,343.16,17.16,20,10,30-45 min,Delivered,32.0,390.3200000000001
O0544,05-01-2025,1,5,Cust_243,Bulk,Bakery,Mumbai,PhonePe,SKU143,Product_143,Frozen,4,140.98,0.0,563.92,28.2,10,10,10-20 min,Delivered,9.0,612.12
O0545,08-02-2025,2,8,Cust_244,Bulk,Tea Stall,Delhi,PhonePe,SKU144,Product_144,Veg,2,205.23,30.78,379.6799999999999,18.98,10,5,30-45 min,Delivered,21.0,413.66
O0546,04-01-2025,1,4,Cust_245,Bulk,Office,Delhi,UPI,SKU145,Product_145,Beverages,4,233.8,23.38,911.82,45.59,10,20,10-20 min,Delivered,17.0,987.4100000000001
O0547,06-01-2025,1,6,Cust_246,Bulk,Tea Stall,Mumbai,UPI,SKU146,Product_146,Fruits,3,27.87,1.39,82.22,4.11,30,5,10-20 min,Delivered,31.0,121.33
O0548,14-02-2025,2,14,Cust_247,Bulk,Cloud Kitchen,Bangalore,NetBanking,SKU147,Product_147,Snacks,5,114.16,0.0,570.8,28.54,30,20,20-30 min,Cancelled,24.6,649.3399999999999
O0550,21-02-2025,2,21,Cust_249,New,Household,Bangalore,NetBanking,SKU149,Product_149,Other,1,186.8,18.68,168.12,8.41,30,15,10-20 min,Delivered,28.0,221.53
O0551,30-01-2025,1,30,Cust_250,Bulk,Office,Mumbai,NetBanking,SKU150,Product_150,Fruits ,5,112.31,16.85,544.6999999999999,27.23,20,10,20-30 min,Delivered,31.0,601.93
O0552,16-02-2025,2,16,Cust_251,Bulk,Cloud Kitchen,Delhi,UPI,SKU151,Product_151,Beverages,1,109.85,10.98,98.86999999999999,4.94,0,15,10-20 min,Delivered,21.0,118.81
O0553,04-02-2025,2,4,Cust_252,Bulk,Tea Stall,Bangalore,UPI,SKU152,Product_152,Veg,6,134.02,13.4,790.7200000000001,39.54,0,20,10-20 min,Delivered,14.0,850.2600000000001
O0554,24-02-2025,2,24,Cust_253,New,Household,Mumbai,UPI,SKU153,Product_153,Fruits ,2,177.5,0.0,355.0,17.75,30,20,20-30 min,Delivered,40.0,422.75
O0555,09-02-2025,2,9,Cust_254,Bulk,Tea Stall,Delhi,NetBanking,SKU154,Product_154,Other,5,187.11,18.71,916.84,45.84,20,10,20-30 min,Delivered,30.0,992.6800000000001
O0556,21-02-2025,2,21,Cust_255,Bulk,Cloud Kitchen,Bangalore,UPI,SKU155,Product_155,Beverages,4,120.35,6.02,475.38,23.77,10,10,20-30 min,Delivered,36.0,519.15
O0557,16-01-2025,1,16,Cust_256,Bulk,Tea Stall,Bangalore,PhonePe,SKU156,Product_156,Beverages,5,88.84,13.33,430.8700000000001,21.54,0,0,10-20 min,Delivered,26.0,452.4100000000001
O0558,13-01-2025,1,13,Cust_257,New,Household,Delhi,UPI,SKU157,Product_157,Baby,6,141.3,7.07,840.73,42.04,10,15,20-30 min,Delivered,12.0,907.77
O0559,19-02-2025,2,19,Cust_258,Bulk,Office,Bangalore,UPI,SKU158,Product_158,Dairy,3,125.58,12.56,364.18,18.21,20,20,10-20 min,Delivered,19.0,422.39
O0560,01-03-2025,3,1,Cust_259,Bulk,Cloud Kitchen,Mumbai,GPay,SKU159,Product_159,Snacks,2,43.92,6.59,81.25,4.06,30,0,10-20 min,Delivered,15.0,115.31
O0561,11-02-2025,2,11,Cust_260,Bulk,Office,Bangalore,Wallet,SKU160,Product_160,Snacks,9,132.87,13.29,1182.54,59.13,0,0,20-30 min,Delivered,34.0,1241.67
O0562,30-01-2025,1,30,Cust_261,Bulk,Cloud Kitchen,Mumbai,UPI,SKU161,Product_161,Snacks,3,101.98,15.3,290.64,14.53,10,10,10-20 min,Failed,24.6,325.17
O0563,19-01-2025,1,19,Cust_262,Bulk,Cloud Kitchen,Bangalore,UPI,SKU162,Product_162,Snacks,6,165.36,8.27,983.8900000000001,49.19,0,15,10-20 min,Delivered,16.0,1048.08
O0564,17-01-2025,1,17,Cust_263,Bulk,Tea Stall,Mumbai,COD,SKU163,Product_163,Veg,2,36.71,1.84,71.58,3.58,20,20,20-30 min,Delivered,31.0,115.16
O0565,25-02-2025,2,25,Cust_264,Bulk,Bakery,Bangalore,UPI,SKU164,Product_164,Other,3,99.53,0.0,298.59,14.93,0,20,10-20 min,Delivered,14.0,333.52
O0566,19-01-2025,1,19,Cust_265,Bulk,Office,Bangalore,Wallet,SKU165,Product_165,Frozen,5,173.72,26.06,842.5400000000001,42.13,0,5,10-20 min,Delivered,18.0,889.6700000000001
O0567,28-01-2025,1,28,Cust_266,Bulk,Cloud Kitchen,Delhi,UPI,SKU166,Product_166,Snacks,3,169.22,8.46,499.2,24.96,30,5,20-30 min,Delivered,30.0,559.16
O0568,27-02-2025,2,27,Cust_267,Bulk,Office,Delhi,NetBanking,SKU167,Product_167,Beverages,3,109.05,10.91,316.24,15.81,20,15,20-30 min,Delivered,20.0,367.05
O0569,24-02-2025,2,24,Cust_268,Bulk,Tea Stall,Bangalore,UPI,SKU168,Product_168,Beverages,2,75.21,11.28,139.14,6.96,20,0,30-45 min,Delivered,18.0,166.1
O0570,26-01-2025,1,26,Cust_269,Bulk,Office,Mumbai,UPI,SKU169,Product_169,Dairy,1,113.3,16.99,96.31,4.82,0,15,30-45 min,Delivered,17.0,116.13
O0571,06-02-2025,2,6,Cust_270,Bulk,Cloud Kitchen,Bangalore,Wallet,SKU170,Product_170,Bakery,2,90.96,4.55,177.37,8.87,10,15,10-20 min,Delivered,14.0,211.24
O0572,26-01-2025,1,26,Cust_271,Bulk,Cloud Kitchen,Delhi,NetBanking,SKU171,Product_171,Bakery,1,93.08,9.31,83.77,4.19,0,5,10-20 min,Cancelled,24.6,92.96
O0573,22-02-2025,2,22,Cust_272,Bulk,Cloud Kitchen,Bangalore,NetBanking,SKU172,Product_172,Other,5,171.06,8.55,846.75,42.34,30,0,20-30 min,Delivered,40.0,919.09
O0574,23-01-2025,1,23,Cust_273,Bulk,Office,Bangalore,PhonePe,SKU173,Product_173,Essentials,6,113.05,11.3,667.0,33.35,30,20,10-20 min,Delivered,28.0,750.35
O0575,09-01-2025,1,9,Cust_274,Bulk,Office,Bangalore,NetBanking,SKU174,Product_174,Dairy,1,126.99,0.0,126.99,6.35,10,15,10-20 min,Delivered,23.0,158.34
O0576,12-01-2025,1,12,Cust_275,Bulk,Bakery,Delhi,UPI,SKU175,Product_175,Baby,2,131.35,0.0,262.7,13.13,0,5,20-30 min,Delivered,23.0,280.83
O0577,22-02-2025,2,22,Cust_276,Returning,Household,Delhi,Wallet,SKU176,Product_176,Snacks,1,87.6,13.14,74.46,3.72,30,0,10-20 min,Delivered,14.0,108.18
O0578,01-01-2025,1,1,Cust_277,Bulk,Cloud Kitchen,Bangalore,UPI,SKU177,Product_177,Snacks,3,142.12,0.0,426.36,21.32,10,15,10-20 min,Cancelled,24.6,472.68
O0579,27-02-2025,2,27,Cust_278,Bulk,Office,Bangalore,Wallet,SKU178,Product_178,Veg,5,128.21,0.0,641.0500000000001,32.05,10,0,20-30 min,Cancelled,24.6,683.1
O0581,01-01-2025,1,1,Cust_280,Bulk,Tea Stall,Mumbai,Wallet,SKU180,Product_180,Baby,6,79.49,3.97,472.9699999999999,23.65,20,10,10-20 min,Delivered,10.0,526.6199999999999
O0582,16-02-2025,2,16,Cust_281,Bulk,Tea Stall,Mumbai,GPay,SKU181,Product_181,Beverages,4,98.01,14.7,377.34,18.87,0,20,10-20 min,Delivered,28.0,416.21
O0583,03-02-2025,2,3,Cust_282,Bulk,Cloud Kitchen,Delhi,GPay,SKU182,Product_182,Dairy,1,90.51,13.58,76.93,3.85,30,10,20-30 min,Delivered,28.0,120.78
O0584,01-02-2025,2,1,Cust_283,Bulk,Tea Stall,Delhi,UPI,SKU183,Product_183,Veg,3,200.68,10.03,592.01,29.6,20,10,20-30 min,Delivered,21.0,651.61
O0585,23-02-2025,2,23,Cust_284,Bulk,Tea Stall,Bangalore,Card,SKU184,Product_184,Dairy,8,137.74,0.0,1101.92,55.1,20,15,30-45 min,Delivered,9.0,1192.02
O0586,17-02-2025,2,17,Cust_285,Bulk,Bakery,Delhi,GPay,SKU185,Product_185,Veg,1,144.13,21.62,122.51,6.13,0,5,10-20 min,Delivered,22.0,133.64
O0587,25-01-2025,1,25,Cust_286,Bulk,Office,Delhi,COD,SKU186,Product_186,Dairy,3,83.53,0.0,250.59,12.53,30,15,10-20 min,Failed,24.6,308.12
O0588,09-02-2025,2,9,Cust_287,Bulk,Café,Delhi,COD,SKU187,Product_187,Essentials,1,132.81,6.64,126.17,6.31,10,5,10-20 min,Delivered,33.0,147.48
O0589,14-02-2025,2,14,Cust_288,Bulk,Bakery,Bangalore,UPI,SKU188,Product_188,Beverages,1,175.94,17.59,158.35,7.92,0,5,20-30 min,Delivered,37.0,171.27
O0590,22-02-2025,2,22,Cust_289,Bulk,Office,Delhi,UPI,SKU189,Product_189,Other,1,101.71,5.09,96.61999999999999,4.83,10,20,10-20 min,Delivered,32.0,131.45
O0591,01-01-2025,1,1,Cust_290,Bulk,Bakery,Delhi,COD,SKU190,Product_190,Fruits,1,170.13,17.01,153.12,7.66,30,20,10-20 min,Delivered,13.0,210.78
O0592,16-01-2025,1,16,Cust_291,Bulk,Cloud Kitchen,Mumbai,NetBanking,SKU191,Product_191,Beverages,4,268.76,26.88,1048.16,52.41,20,15,30-45 min,Delivered,47.0,1135.57
O0593,08-02-2025,2,8,Cust_292,Bulk,Bakery,Bangalore,UPI,SKU192,Product_192,Bakery,4,201.95,20.2,787.5999999999999,39.38,0,20,20-30 min,Delivered,23.0,846.9799999999999
O0594,05-01-2025,1,5,Cust_293,Bulk,Cloud Kitchen,Delhi,COD,SKU193,Product_193,Fruits,1,111.49,0.0,111.49,5.57,10,20,20-30 min,Delivered,13.0,147.06
O0595,22-01-2025,1,22,Cust_294,Returning,Household,Bangalore,COD,SKU194,Product_194,Other,4,118.36,0.0,473.44,23.67,0,20,10-20 min,Delivered,26.0,517.11
O0596,29-01-2025,1,29,Cust_295,Bulk,Café,Mumbai,COD,SKU195,Product_195,Beverages,4,137.53,6.88,543.24,27.16,10,5,20-30 min,Delivered,23.0,585.4
O0597,24-02-2025,2,24,Cust_296,Bulk,Tea Stall,Mumbai,Card,SKU196,Product_196,Baby,1,147.46,7.37,140.09,7.0,10,5,30-45 min,Delivered,25.0,162.09
O0598,03-01-2025,1,3,Cust_297,Bulk,Tea Stall,Mumbai,UPI,SKU197,Product_197,Fruits,6,109.6,5.48,652.1199999999999,32.61,0,20,10-20 min,Delivered,31.0,704.7299999999999
O0599,12-01-2025,1,12,Cust_298,Bulk,Office,Delhi,PhonePe,SKU198,Product_198,Beverages,7,103.07,15.46,706.03,35.3,30,15,10-20 min,Delivered,19.0,786.3299999999999
O0601,16-01-2025,1,16,Cust_0,Bulk,Café,Mumbai,UPI,SKU0,Product_0,Other,2,138.87,13.89,263.85,13.19,20,5,10-20 min,Delivered,25.0,302.04
O0602,20-02-2025,2,20,Cust_1,Bulk,Café,Mumbai,PhonePe,SKU1,Product_1,Beverages,1,158.95,0.0,158.95,7.95,30,10,20-30 min,Cancelled,24.6,206.9
O0603,06-02-2025,2,6,Cust_2,New,Household,Bangalore,GPay,SKU2,Product_2,Fruits,4,94.3,0.0,377.2,18.86,30,20,20-30 min,Delivered,4.0,446.06
O0604,22-01-2025,1,22,Cust_3,Bulk,Café,Delhi,Wallet,SKU3,Product_3,Other,3,149.13,14.91,432.48,21.62,20,5,30-45 min,Delivered,20.0,479.1
O0605,26-02-2025,2,26,Cust_4,Bulk,Bakery,Bangalore,Wallet,SKU4,Product_4,Snacks,5,234.74,23.47,1150.23,57.51,20,20,10-20 min,Delivered,33.0,1247.74
O0606,29-01-2025,1,29,Cust_5,Bulk,Café,Mumbai,GPay,SKU5,Product_5,Dairy,4,52.9,5.29,206.31,10.32,30,20,10-20 min,Delivered,10.0,266.63
O0607,14-01-2025,1,14,Cust_6,New,Household,Delhi,Wallet,SKU6,Product_6,Veg,1,125.88,0.0,125.88,6.29,10,0,10-20 min,Failed,24.6,142.17
O0608,28-01-2025,1,28,Cust_7,Bulk,Café,Delhi,NetBanking,SKU7,Product_7,Essentials,5,77.84,11.68,377.52,18.88,20,10,10-20 min,Delivered,12.0,426.4
O0609,05-01-2025,1,5,Cust_8,Bulk,Café,Delhi,GPay,SKU8,Product_8,Frozen,3,135.13,6.76,398.63,19.93,20,5,10-20 min,Delivered,37.0,443.56
O0610,16-02-2025,2,16,Cust_9,Bulk,Bakery,Bangalore,PhonePe,SKU9,Product_9,Veg,6,49.66,7.45,290.51,14.53,10,5,10-20 min,Delivered,36.0,320.04
O0611,18-02-2025,2,18,Cust_10,Bulk,Cloud Kitchen,Delhi,UPI,SKU10,Product_10,Frozen,3,272.01,13.6,802.43,40.12,0,15,10-20 min,Delivered,15.0,857.55
O0612,30-01-2025,1,30,Cust_11,Bulk,Café,Mumbai,UPI,SKU11,Product_11,Veg,1,172.56,25.88,146.68,7.33,0,20,30-45 min,Returned,24.6,174.01
O0613,15-02-2025,2,15,Cust_12,Bulk,Café,Mumbai,Card,SKU12,Product_12,Snacks,5,80.15,0.0,400.75,20.04,20,0,20-30 min,Delivered,33.0,440.79
O0614,21-02-2025,2,21,Cust_13,Bulk,Café,Bangalore,COD,SKU13,Product_13,Essentials,4,92.73,9.27,361.65,18.08,10,10,20-30 min,Delivered,25.0,399.73
O0615,05-01-2025,1,5,Cust_14,Bulk,Tea Stall,Bangalore,GPay,SKU14,Product_14,Snacks,3,115.48,11.55,334.89,16.74,0,20,10-20 min,Delivered,32.0,371.63
O0616,12-01-2025,1,12,Cust_15,Bulk,Cloud Kitchen,Delhi,PhonePe,SKU15,Product_15,Dairy,1,137.9,20.68,117.22,5.86,0,10,10-20 min,Delivered,33.0,133.08
O0617,16-01-2025,1,16,Cust_16,Bulk,Office,Delhi,UPI,SKU16,Product_16,Frozen,2,108.79,0.0,217.58,10.88,10,5,10-20 min,Delivered,8.0,243.46
O0618,26-01-2025,1,26,Cust_17,New,Household,Delhi,NetBanking,SKU17,Product_17,Snacks,1,171.23,8.56,162.67,8.13,30,10,20-30 min,Delivered,15.0,210.8
O0619,26-01-2025,1,26,Cust_18,Bulk,Bakery,Delhi,UPI,SKU18,Product_18,Veg,6,96.98,4.85,577.03,28.85,0,15,20-30 min,Delivered,34.0,620.88
O0620,17-02-2025,2,17,Cust_19,Bulk,Café,Bangalore,UPI,SKU19,Product_19,Baby,5,53.62,0.0,268.1,13.4,30,15,10-20 min,Delivered,41.0,326.4999999999999
O0621,21-01-2025,1,21,Cust_20,Bulk,Bakery,Bangalore,Wallet,SKU20,Product_20,Beverages,2,69.83,0.0,139.66,6.98,30,5,20-30 min,Delivered,6.0,181.64
O0622,08-02-2025,2,8,Cust_21,Bulk,Café,Delhi,GPay,SKU21,Product_21,Essentials,2,41.87,2.09,81.64999999999999,4.08,0,0,10-20 min,Failed,24.6,85.72999999999999
O0623,05-02-2025,2,5,Cust_22,Bulk,Tea Stall,Bangalore,Wallet,SKU22,Product_22,Baby,3,127.76,19.16,364.12,18.21,30,5,20-30 min,Delivered,11.0,417.33
O0624,02-02-2025,2,2,Cust_23,New,Household,Mumbai,Card,SKU23,Product_23,Snacks,6,11.67,0.0,70.02,3.5,10,0,30-45 min,Delivered,38.0,83.52
O0625,30-01-2025,1,30,Cust_24,New,Household,Bangalore,UPI,SKU24,Product_24,Fruits,3,104.61,10.46,303.37,15.17,0,5,10-20 min,Delivered,27.0,323.54
O0626,06-02-2025,2,6,Cust_25,Bulk,Office,Bangalore,GPay,SKU25,Product_25,Essentials,5,75.52,0.0,377.6,18.88,10,0,10-20 min,Delivered,41.0,406.48
O0627,23-01-2025,1,23,Cust_26,Returning,Household,Mumbai,GPay,SKU26,Product_26,Beverages,4,77.07,0.0,308.28,15.41,30,20,20-30 min,Delivered,13.0,373.69
O0628,27-02-2025,2,27,Cust_27,Bulk,Café,Delhi,GPay,SKU27,Product_27,Fruits,7,130.47,13.05,900.24,45.01,10,15,20-30 min,Delivered,16.0,970.25
O0629,10-01-2025,1,10,Cust_28,Bulk,Tea Stall,Delhi,Card,SKU28,Product_28,Fruits ,3,135.97,20.4,387.51,19.38,0,5,20-30 min,Delivered,25.0,411.89
O0630,23-02-2025,2,23,Cust_29,Bulk,Bakery,Mumbai,PhonePe,SKU29,Product_29,Essentials,2,146.09,21.91,270.27,13.51,20,20,10-20 min,Delivered,21.0,323.78
O0631,05-01-2025,1,5,Cust_30,Returning,Household,Mumbai,COD,SKU30,Product_30,Frozen,3,215.43,10.77,635.52,31.78,0,0,10-20 min,Delivered,5.0,667.3
O0632,05-02-2025,2,5,Cust_31,Returning,Household,Delhi,PhonePe,SKU31,Product_31,Fruits,1,29.71,1.49,28.22,1.41,30,0,10-20 min,Delivered,26.0,59.63
O0633,03-02-2025,2,3,Cust_32,New,Household,Bangalore,Wallet,SKU32,Product_32,Fruits ,1,133.28,19.99,113.29,5.66,30,10,10-20 min,Failed,24.6,158.95
O0634,21-02-2025,2,21,Cust_33,Bulk,Café,Mumbai,Wallet,SKU33,Product_33,Snacks,3,146.59,21.99,417.78,20.89,10,20,30-45 min,Delivered,3.0,468.67
O0635,31-01-2025,1,31,Cust_34,Bulk,Cloud Kitchen,Delhi,COD,SKU34,Product_34,Beverages,2,48.94,0.0,97.88,4.89,30,15,10-20 min,Delivered,26.0,147.77
O0636,10-01-2025,1,10,Cust_35,Returning,Household,Delhi,UPI,SKU35,Product_35,Baby,4,105.65,10.57,412.03,20.6,10,15,20-30 min,Delivered,19.0,457.6300000000001
O0637,27-02-2025,2,27,Cust_36,Bulk,Office,Delhi,GPay,SKU36,Product_36,Baby,1,209.66,0.0,209.66,10.48,30,5,20-30 min,Returned,24.6,255.14
O0638,19-01-2025,1,19,Cust_37,Bulk,Office,Delhi,PhonePe,SKU37,Product_37,Veg,3,67.8,6.78,196.62,9.83,10,0,10-20 min,Delivered,18.0,216.45
O0639,27-02-2025,2,27,Cust_38,Bulk,Tea Stall,Bangalore,UPI,SKU38,Product_38,Dairy,2,74.47,0.0,148.94,7.45,20,5,20-30 min,Delivered,23.0,181.39
O0640,01-02-2025,2,1,Cust_39,Bulk,Office,Bangalore,COD,SKU39,Product_39,Frozen,3,147.21,0.0,441.63,22.08,0,10,10-20 min,Delivered,15.0,473.71
O0641,01-01-2025,1,1,Cust_40,Bulk,Café,Mumbai,UPI,SKU40,Product_40,Beverages,6,149.95,0.0,899.6999999999999,44.98,30,20,10-20 min,Delivered,17.0,994.68
O0642,25-02-2025,2,25,Cust_41,Bulk,Bakery,Delhi,UPI,SKU41,Product_41,Veg,1,156.61,0.0,156.61,7.83,30,10,30-45 min,Delivered,26.0,204.44
O0643,05-01-2025,1,5,Cust_42,Bulk,Cloud Kitchen,Delhi,COD,SKU42,Product_42,Fruits ,1,160.54,24.08,136.46,6.82,20,0,10-20 min,Delivered,36.0,163.28
O0644,14-02-2025,2,14,Cust_43,Bulk,Tea Stall,Delhi,NetBanking,SKU43,Product_43,Fruits,2,26.32,1.32,51.32,2.57,30,20,20-30 min,Failed,24.6,103.89
O0645,04-01-2025,1,4,Cust_44,Bulk,Café,Delhi,Wallet,SKU44,Product_44,Other,5,102.69,15.4,498.0500000000001,24.9,20,5,10-20 min,Delivered,17.0,547.95
O0646,16-01-2025,1,16,Cust_45,Bulk,Tea Stall,Bangalore,UPI,SKU45,Product_45,Veg,5,197.2,0.0,986.0,49.3,10,0,10-20 min,Delivered,17.0,1045.3
O0647,24-01-2025,1,24,Cust_46,Bulk,Bakery,Delhi,UPI,SKU46,Product_46,Other,1,139.05,6.95,132.1,6.61,10,15,20-30 min,Delivered,21.0,163.71
O0648,16-01-2025,1,16,Cust_47,New,Household,Mumbai,PhonePe,SKU47,Product_47,Beverages,1,102.46,10.25,92.21,4.61,20,10,10-20 min,Delivered,19.0,126.82
O0649,24-02-2025,2,24,Cust_48,Bulk,Office,Mumbai,GPay,SKU48,Product_48,Snacks,3,225.3,22.53,653.3700000000001,32.67,10,10,20-30 min,Delivered,25.0,706.0400000000001
O0650,02-01-2025,1,2,Cust_49,New,Household,Bangalore,NetBanking,SKU49,Product_49,Snacks,3,104.64,5.23,308.69,15.43,0,10,10-20 min,Returned,24.6,334.12
O0651,18-02-2025,2,18,Cust_50,Bulk,Café,Bangalore,Card,SKU50,Product_50,Dairy,3,161.56,8.08,476.6,23.83,30,15,10-20 min,Delivered,19.0,545.4300000000001
O0652,28-01-2025,1,28,Cust_51,New,Household,Mumbai,COD,SKU51,Product_51,Dairy,2,239.39,0.0,478.78,23.94,0,20,20-30 min,Delivered,28.0,522.72
O0653,01-02-2025,2,1,Cust_52,Bulk,Bakery,Bangalore,PhonePe,SKU52,Product_52,Veg,4,153.18,22.98,589.74,29.49,0,5,10-20 min,Delivered,27.0,624.23
O0654,27-01-2025,1,27,Cust_53,Bulk,Tea Stall,Bangalore,PhonePe,SKU53,Product_53,Frozen,2,25.94,0.0,51.88,2.59,20,15,10-20 min,Delivered,20.0,89.47
O0655,20-01-2025,1,20,Cust_54,Bulk,Tea Stall,Mumbai,Card,SKU54,Product_54,Dairy,3,103.17,0.0,309.51,15.48,10,15,10-20 min,Delivered,22.0,349.99
O0656,24-01-2025,1,24,Cust_55,Bulk,Cloud Kitchen,Bangalore,NetBanking,SKU55,Product_55,Frozen,2,152.29,22.84,281.74,14.09,10,10,10-20 min,Delivered,33.0,315.83
O0657,12-01-2025,1,12,Cust_56,Bulk,Café,Mumbai,PhonePe,SKU56,Product_56,Dairy,1,75.66,3.78,71.88,3.59,20,20,10-20 min,Failed,24.6,115.47
O0658,19-02-2025,2,19,Cust_57,Bulk,Office,Mumbai,COD,SKU57,Product_57,Veg,2,197.19,19.72,374.66,18.73,20,10,10-20 min,Cancelled,24.6,423.39
O0659,04-02-2025,2,4,Cust_58,Bulk,Office,Mumbai,Card,SKU58,Product_58,Other,5,31.9,1.59,157.91,7.9,10,15,10-20 min,Delivered,23.0,190.81
O0660,01-03-2025,3,1,Cust_59,Bulk,Bakery,Bangalore,COD,SKU59,Product_59,Essentials,1,146.61,21.99,124.62,6.23,10,15,10-20 min,Delivered,13.0,155.85
O0661,02-02-2025,2,2,Cust_60,Bulk,Office,Delhi,Card,SKU60,Product_60,Fruits ,3,7.81,0.0,23.43,1.17,0,10,20-30 min,Delivered,20.0,34.6
O0662,02-02-2025,2,2,Cust_61,Bulk,Tea Stall,Bangalore,UPI,SKU61,Product_61,Beverages,3,203.43,30.51,579.78,28.99,20,10,30-45 min,Delivered,22.0,638.77
O0663,20-02-2025,2,20,Cust_62,Bulk,Bakery,Mumbai,GPay,SKU62,Product_62,Beverages,1,196.96,0.0,196.96,9.85,0,10,10-20 min,Delivered,13.0,216.81
O0664,12-02-2025,2,12,Cust_63,Bulk,Cloud Kitchen,Delhi,NetBanking,SKU63,Product_63,Dairy,3,158.17,7.91,466.6,23.33,0,5,10-20 min,Delivered,19.0,494.9299999999999
O0665,06-02-2025,2,6,Cust_64,Bulk,Tea Stall,Mumbai,GPay,SKU64,Product_64,Baby,1,66.3,3.31,62.98999999999999,3.15,30,5,10-20 min,Delivered,19.0,101.14
O0666,12-01-2025,1,12,Cust_65,New,Household,Mumbai,Wallet,SKU65,Product_65,Fruits,2,110.5,11.05,209.95,10.5,0,0,20-30 min,Delivered,24.0,220.45
O0667,03-01-2025,1,3,Cust_66,Bulk,Café,Bangalore,COD,SKU66,Product_66,Fruits ,1,182.71,9.14,173.57,8.68,30,0,20-30 min,Delivered,25.0,212.25
O0668,01-01-2025,1,1,Cust_67,Bulk,Tea Stall,Bangalore,UPI,SKU67,Product_67,Other,1,122.48,6.12,116.36,5.82,30,10,10-20 min,Delivered,29.0,162.18
O0669,02-02-2025,2,2,Cust_68,Bulk,Cloud Kitchen,Bangalore,NetBanking,SKU68,Product_68,Veg,3,103.94,5.2,306.62,15.33,20,0,10-20 min,Delivered,10.0,341.95
O0670,09-02-2025,2,9,Cust_69,Bulk,Office,Delhi,NetBanking,SKU69,Product_69,Dairy,3,192.61,28.89,548.94,27.45,0,10,20-30 min,Delivered,22.0,586.3900000000001
O0671,10-01-2025,1,10,Cust_70,New,Household,Mumbai,Card,SKU70,Product_70,Veg,1,77.27,3.86,73.41,3.67,0,5,10-20 min,Delivered,5.0,82.08
O0672,12-02-2025,2,12,Cust_71,Bulk,Cloud Kitchen,Delhi,COD,SKU71,Product_71,Frozen,1,59.54,5.95,53.59,2.68,30,10,10-20 min,Failed,24.6,96.27
O0673,13-02-2025,2,13,Cust_72,Bulk,Office,Delhi,Wallet,SKU72,Product_72,Frozen,1,170.49,8.52,161.97,8.1,20,10,10-20 min,Delivered,28.0,200.07
O0674,29-01-2025,1,29,Cust_73,Bulk,Tea Stall,Delhi,NetBanking,SKU73,Product_73,Snacks,6,110.64,5.53,658.3100000000001,32.92,0,5,20-30 min,Cancelled,24.6,696.23
O0675,13-01-2025,1,13,Cust_74,Returning,Household,Delhi,PhonePe,SKU74,Product_74,Frozen,5,138.79,0.0,693.9499999999999,34.7,30,0,10-20 min,Delivered,25.0,758.65
O0676,12-01-2025,1,12,Cust_75,Bulk,Tea Stall,Bangalore,UPI,SKU75,Product_75,Veg,4,71.62,10.74,275.74,13.79,20,5,10-20 min,Delivered,11.0,314.53
O0677,31-01-2025,1,31,Cust_76,Bulk,Café,Mumbai,UPI,SKU76,Product_76,Beverages,3,96.73,0.0,290.19,14.51,30,5,20-30 min,Delivered,40.0,339.7
O0678,15-02-2025,2,15,Cust_77,Bulk,Cloud Kitchen,Delhi,GPay,SKU77,Product_77,Frozen,1,42.37,0.0,42.37,2.12,30,20,20-30 min,Delivered,12.0,94.49
O0679,02-01-2025,1,2,Cust_78,Bulk,Café,Delhi,Card,SKU78,Product_78,Dairy,4,140.43,0.0,561.72,28.09,10,5,20-30 min,Cancelled,24.6,604.8100000000001
O0680,20-02-2025,2,20,Cust_79,Bulk,Café,Mumbai,UPI,SKU79,Product_79,Frozen,3,52.28,0.0,156.84,7.84,30,15,10-20 min,Delivered,13.0,209.68
O0681,19-02-2025,2,19,Cust_80,Bulk,Bakery,Mumbai,UPI,SKU80,Product_80,Snacks,2,69.88,3.49,136.27,6.81,20,10,20-30 min,Returned,24.6,173.08
O0682,04-02-2025,2,4,Cust_81,Bulk,Café,Delhi,UPI,SKU81,Product_81,Frozen,3,134.75,6.74,397.51,19.88,30,20,20-30 min,Failed,24.6,467.39
O0684,17-01-2025,1,17,Cust_83,Bulk,Cloud Kitchen,Delhi,Card,SKU83,Product_83,Dairy,2,162.74,8.14,317.34,15.87,30,5,20-30 min,Cancelled,24.6,368.21
O0685,26-01-2025,1,26,Cust_84,New,Household,Mumbai,Card,SKU84,Product_84,Veg,1,226.0,33.9,192.1,9.61,30,10,10-20 min,Delivered,40.0,241.71
O0686,08-01-2025,1,8,Cust_85,Bulk,Café,Mumbai,GPay,SKU85,Product_85,Snacks,5,175.68,17.57,860.83,43.04,0,0,10-20 min,Returned,24.6,903.87
O0687,29-01-2025,1,29,Cust_86,Bulk,Bakery,Delhi,NetBanking,SKU86,Product_86,Snacks,4,62.86,6.29,245.15,12.26,20,15,30-45 min,Delivered,18.0,292.41
O0688,26-01-2025,1,26,Cust_87,Bulk,Office,Bangalore,UPI,SKU87,Product_87,Beverages,3,198.55,19.86,575.7900000000001,28.79,20,20,10-20 min,Delivered,20.0,644.58
O0689,10-01-2025,1,10,Cust_88,Bulk,Bakery,Mumbai,Wallet,SKU88,Product_88,Veg,4,220.03,33.0,847.12,42.36,20,5,10-20 min,Delivered,40.0,914.48
O0690,26-01-2025,1,26,Cust_89,Returning,Household,Mumbai,NetBanking,SKU89,Product_89,Dairy,1,229.66,11.48,218.18,10.91,20,15,10-20 min,Returned,24.6,264.09
O0691,03-02-2025,2,3,Cust_90,Bulk,Office,Mumbai,PhonePe,SKU90,Product_90,Frozen,1,163.29,24.49,138.8,6.94,0,15,10-20 min,Delivered,23.0,160.74
O0692,20-02-2025,2,20,Cust_91,Bulk,Office,Mumbai,GPay,SKU91,Product_91,Other,3,71.51,7.15,207.38,10.37,0,15,10-20 min,Delivered,32.0,232.75
O0693,10-02-2025,2,10,Cust_92,Bulk,Office,Delhi,Card,SKU92,Product_92,Dairy,1,156.55,23.48,133.07,6.65,20,15,10-20 min,Delivered,16.0,174.72
O0695,04-01-2025,1,4,Cust_94,Bulk,Bakery,Bangalore,UPI,SKU94,Product_94,Beverages,3,101.78,0.0,305.34,15.27,20,20,20-30 min,Delivered,14.0,360.61
O0696,27-02-2025,2,27,Cust_95,Bulk,Tea Stall,Delhi,Card,SKU95,Product_95,Beverages,6,116.46,5.82,692.9399999999999,34.65,10,5,20-30 min,Delivered,42.0,742.5899999999999
O0697,22-02-2025,2,22,Cust_96,Bulk,Office,Mumbai,Card,SKU96,Product_96,Fruits,3,124.63,18.69,355.2,17.76,30,15,10-20 min,Delivered,28.0,417.96
O0698,19-02-2025,2,19,Cust_97,Bulk,Café,Bangalore,PhonePe,SKU97,Product_97,Fruits ,5,120.75,0.0,603.75,30.19,0,20,10-20 min,Delivered,53.0,653.94
O0699,14-02-2025,2,14,Cust_98,Bulk,Office,Bangalore,NetBanking,SKU98,Product_98,Frozen,3,138.67,6.93,409.08,20.45,0,15,10-20 min,Cancelled,24.6,444.53
O0700,11-01-2025,1,11,Cust_99,Bulk,Cloud Kitchen,Delhi,PhonePe,SKU99,Product_99,Essentials,1,182.2,9.11,173.09,8.65,10,10,10-20 min,Delivered,9.0,201.74
O0701,29-01-2025,1,29,Cust_100,Bulk,Tea Stall,Delhi,GPay,SKU100,Product_100,Fruits ,4,142.06,21.31,546.9300000000001,27.35,30,5,10-20 min,Delivered,26.0,609.2800000000001
O0702,25-02-2025,2,25,Cust_101,Bulk,Café,Bangalore,NetBanking,SKU101,Product_101,Frozen,2,128.63,12.86,244.4,12.22,20,5,10-20 min,Cancelled,24.6,281.62
O0703,05-02-2025,2,5,Cust_102,Bulk,Café,Mumbai,GPay,SKU102,Product_102,Fruits,5,224.09,0.0,1120.45,56.02,20,0,10-20 min,Delivered,15.0,1196.47
O0704,25-01-2025,1,25,Cust_103,Bulk,Office,Delhi,NetBanking,SKU103,Product_103,Veg,5,132.14,13.21,647.4899999999999,32.37,0,10,10-20 min,Cancelled,24.6,689.8599999999999
O0705,21-01-2025,1,21,Cust_104,Bulk,Tea Stall,Bangalore,UPI,SKU104,Product_104,Dairy,2,0.72,0.07,1.37,0.07,0,0,10-20 min,Delivered,24.0,1.44
O0706,26-02-2025,2,26,Cust_105,Bulk,Bakery,Mumbai,Card,SKU105,Product_105,Essentials,1,175.35,26.3,149.05,7.45,30,20,10-20 min,Delivered,15.0,206.5
O0707,05-02-2025,2,5,Cust_106,Bulk,Cloud Kitchen,Bangalore,UPI,SKU106,Product_106,Beverages,5,199.93,29.99,969.6600000000001,48.48,20,0,30-45 min,Delivered,27.0,1038.14
O0708,10-01-2025,1,10,Cust_107,Bulk,Cloud Kitchen,Delhi,NetBanking,SKU107,Product_107,Other,1,39.25,5.89,33.36,1.67,20,0,10-20 min,Delivered,18.0,55.03
O0709,06-02-2025,2,6,Cust_108,Bulk,Café,Delhi,PhonePe,SKU108,Product_108,Snacks,2,72.26,3.61,140.91,7.05,30,0,10-20 min,Delivered,23.0,177.96
O0710,09-01-2025,1,9,Cust_109,Bulk,Tea Stall,Mumbai,UPI,SKU109,Product_109,Snacks,2,178.64,26.8,330.48,16.52,20,5,10-20 min,Delivered,12.0,371.9999999999999
O0711,24-01-2025,1,24,Cust_110,Bulk,Café,Mumbai,UPI,SKU110,Product_110,Snacks,1,188.83,0.0,188.83,9.44,10,10,10-20 min,Delivered,24.0,218.27
O0712,04-02-2025,2,4,Cust_111,Bulk,Bakery,Mumbai,NetBanking,SKU111,Product_111,Beverages,1,205.11,30.77,174.34,8.72,20,20,20-30 min,Delivered,27.0,223.06
O0713,18-02-2025,2,18,Cust_112,Bulk,Office,Mumbai,UPI,SKU112,Product_112,Snacks,1,25.34,2.53,22.81,1.14,30,10,10-20 min,Delivered,29.0,63.95
O0714,04-02-2025,2,4,Cust_113,New,Household,Mumbai,PhonePe,SKU113,Product_113,Snacks,3,109.72,5.49,323.67,16.18,10,10,10-20 min,Delivered,17.0,359.85
O0715,17-02-2025,2,17,Cust_114,Bulk,Office,Delhi,UPI,SKU114,Product_114,Snacks,5,182.72,9.14,904.46,45.22,10,5,10-20 min,Delivered,28.0,964.6800000000001
O0716,05-02-2025,2,5,Cust_115,Bulk,Bakery,Delhi,UPI,SKU115,Product_115,Fruits,2,61.06,0.0,122.12,6.11,10,10,20-30 min,Delivered,34.0,148.23
O0717,18-01-2025,1,18,Cust_116,Bulk,Bakery,Delhi,GPay,SKU116,Product_116,Veg,1,190.83,19.08,171.75,8.59,30,15,10-20 min,Delivered,47.0,225.34
O0718,18-02-2025,2,18,Cust_117,Bulk,Cloud Kitchen,Bangalore,COD,SKU117,Product_117,Bakery,3,109.22,10.92,316.74,15.84,10,10,20-30 min,Delivered,44.0,352.5799999999999
O0719,08-02-2025,2,8,Cust_118,Bulk,Café,Delhi,UPI,SKU118,Product_118,Beverages,2,221.4,11.07,431.73,21.59,10,0,10-20 min,Delivered,35.0,463.32
O0720,01-02-2025,2,1,Cust_119,Bulk,Cloud Kitchen,Mumbai,Wallet,SKU119,Product_119,Beverages,1,128.14,19.22,108.92,5.45,10,10,10-20 min,Delivered,18.0,134.37
O0721,24-01-2025,1,24,Cust_120,Returning,Household,Mumbai,UPI,SKU120,Product_120,Beverages,5,97.55,9.76,477.99,23.9,10,5,20-30 min,Delivered,23.0,516.89
O0722,23-01-2025,1,23,Cust_121,Bulk,Bakery,Bangalore,GPay,SKU121,Product_121,Veg,1,193.8,19.38,174.42,8.72,10,0,20-30 min,Delivered,31.0,193.14
O0724,06-02-2025,2,6,Cust_123,Bulk,Cloud Kitchen,Bangalore,PhonePe,SKU123,Product_123,Essentials,1,99.55,14.93,84.62,4.23,10,10,20-30 min,Delivered,6.0,108.85
O0725,12-01-2025,1,12,Cust_124,Bulk,Cloud Kitchen,Delhi,UPI,SKU124,Product_124,Fruits,4,109.12,10.91,425.57,21.28,30,15,10-20 min,Delivered,20.0,491.85
O0726,18-02-2025,2,18,Cust_125,Bulk,Office,Delhi,Wallet,SKU125,Product_125,Beverages,3,61.22,3.06,180.6,9.03,10,20,20-30 min,Delivered,28.0,219.63
O0727,24-02-2025,2,24,Cust_126,Bulk,Tea Stall,Bangalore,PhonePe,SKU126,Product_126,Snacks,2,215.01,0.0,430.02,21.5,20,0,10-20 min,Delivered,13.0,471.52
O0728,13-01-2025,1,13,Cust_127,Bulk,Office,Delhi,UPI,SKU127,Product_127,Fruits,1,63.89,0.0,63.89,3.19,30,15,20-30 min,Delivered,29.0,112.08
O0729,23-01-2025,1,23,Cust_128,Bulk,Office,Mumbai,Wallet,SKU128,Product_128,Veg,3,85.82,8.58,248.88,12.44,10,10,10-20 min,Failed,24.6,281.32
O0730,25-01-2025,1,25,Cust_129,Bulk,Bakery,Mumbai,PhonePe,SKU129,Product_129,Snacks,1,12.2,0.0,12.2,0.61,10,5,10-20 min,Delivered,39.0,27.81
O0731,04-02-2025,2,4,Cust_130,Bulk,Café,Mumbai,COD,SKU130,Product_130,Fruits,3,64.35,3.22,189.83,9.49,30,10,10-20 min,Delivered,16.0,239.32
O0732,10-02-2025,2,10,Cust_131,Bulk,Tea Stall,Delhi,UPI,SKU131,Product_131,Baby,4,249.9,0.0,999.6,49.98,10,20,20-30 min,Delivered,36.0,1079.58
O0733,30-01-2025,1,30,Cust_132,Bulk,Bakery,Delhi,UPI,SKU132,Product_132,Bakery,1,175.18,26.28,148.9,7.45,30,15,30-45 min,Delivered,16.0,201.35
O0734,17-01-2025,1,17,Cust_133,New,Household,Bangalore,PhonePe,SKU133,Product_133,Frozen,3,54.53,2.73,160.86,8.04,10,5,20-30 min,Cancelled,24.6,183.9
O0735,18-02-2025,2,18,Cust_134,Bulk,Cloud Kitchen,Mumbai,COD,SKU134,Product_134,Snacks,3,129.42,19.41,368.85,18.44,30,15,10-20 min,Delivered,35.0,432.29
O0736,20-01-2025,1,20,Cust_135,Bulk,Cloud Kitchen,Delhi,UPI,SKU135,Product_135,Snacks,5,27.43,0.0,137.15,6.86,20,20,10-20 min,Delivered,37.0,184.01
O0737,17-02-2025,2,17,Cust_136,Returning,Household,Delhi,Card,SKU136,Product_136,Veg,3,181.67,18.17,526.84,26.34,20,15,20-30 min,Delivered,18.0,588.1800000000001
O0738,25-01-2025,1,25,Cust_137,Bulk,Bakery,Mumbai,NetBanking,SKU137,Product_137,Beverages,1,59.34,0.0,59.34,2.97,10,10,10-20 min,Delivered,30.0,82.31
O0739,22-01-2025,1,22,Cust_138,Bulk,Cloud Kitchen,Mumbai,UPI,SKU138,Product_138,Frozen,1,111.47,5.57,105.9,5.3,20,20,30-45 min,Delivered,39.0,151.2
O0740,13-01-2025,1,13,Cust_139,Bulk,Office,Mumbai,PhonePe,SKU139,Product_139,Frozen,3,148.36,7.42,437.66,21.88,0,20,20-30 min,Delivered,28.0,479.54
O0741,28-02-2025,2,28,Cust_140,New,Household,Mumbai,COD,SKU140,Product_140,Beverages,2,79.5,7.95,151.05,7.55,20,0,20-30 min,Delivered,20.0,178.6
O0742,19-01-2025,1,19,Cust_141,Bulk,Café,Delhi,GPay,SKU141,Product_141,Snacks,1,211.76,0.0,211.76,10.59,30,10,30-45 min,Cancelled,24.6,262.35
O0743,18-02-2025,2,18,Cust_142,Bulk,Cloud Kitchen,Bangalore,GPay,SKU142,Product_142,Veg,2,38.67,0.0,77.34,3.87,0,15,10-20 min,Delivered,22.0,96.21000000000001
O0744,05-02-2025,2,5,Cust_143,Bulk,Office,Bangalore,UPI,SKU143,Product_143,Dairy,1,104.12,15.62,88.5,4.42,20,0,10-20 min,Delivered,11.0,112.92
O0745,12-01-2025,1,12,Cust_144,Bulk,Cloud Kitchen,Delhi,NetBanking,SKU144,Product_144,Frozen,3,15.9,0.0,47.7,2.39,30,5,20-30 min,Delivered,0.0,85.09
O0746,10-02-2025,2,10,Cust_145,Bulk,Office,Delhi,UPI,SKU145,Product_145,Beverages,1,151.34,15.13,136.21,6.81,10,10,10-20 min,Delivered,24.0,163.02
O0747,19-01-2025,1,19,Cust_146,Bulk,Cloud Kitchen,Delhi,PhonePe,SKU146,Product_146,Snacks,2,117.55,0.0,235.1,11.76,30,0,20-30 min,Cancelled,24.6,276.86
O0748,12-01-2025,1,12,Cust_147,Bulk,Bakery,Mumbai,UPI,SKU147,Product_147,Fruits,3,153.81,23.07,438.36,21.92,0,5,10-20 min,Delivered,9.0,465.28
O0749,09-01-2025,1,9,Cust_148,Bulk,Bakery,Bangalore,COD,SKU148,Product_148,Veg,3,205.97,20.6,597.31,29.87,10,10,10-20 min,Delivered,10.0,647.18
O0750,07-01-2025,1,7,Cust_149,Bulk,Office,Delhi,UPI,SKU149,Product_149,Fruits ,3,81.88,4.09,241.55,12.08,20,15,20-30 min,Delivered,19.0,288.63
O0751,28-01-2025,1,28,Cust_150,Bulk,Café,Delhi,UPI,SKU150,Product_150,Baby,2,99.37,4.97,193.77,9.69,20,5,10-20 min,Delivered,30.0,228.46
O0752,14-01-2025,1,14,Cust_151,Bulk,Tea Stall,Bangalore,UPI,SKU151,Product_151,Dairy,2,119.28,5.96,232.6,11.63,0,10,10-20 min,Cancelled,24.6,254.23
O0753,31-01-2025,1,31,Cust_152,Bulk,Bakery,Bangalore,UPI,SKU152,Product_152,Dairy,5,285.04,0.0,1425.2,71.26,30,15,20-30 min,Failed,24.6,1541.46
O0754,21-02-2025,2,21,Cust_153,New,Household,Delhi,Card,SKU153,Product_153,Fruits ,1,72.11,3.61,68.5,3.43,30,5,10-20 min,Delivered,26.0,106.93
O0755,19-01-2025,1,19,Cust_154,Bulk,Tea Stall,Mumbai,UPI,SKU154,Product_154,Snacks,1,2.32,0.12,2.2,0.11,30,20,10-20 min,Delivered,19.0,52.31
O0756,27-02-2025,2,27,Cust_155,Bulk,Café,Bangalore,PhonePe,SKU155,Product_155,Beverages,1,3.05,0.0,3.05,0.15,10,0,10-20 min,Delivered,24.0,13.2
O0757,16-02-2025,2,16,Cust_156,Bulk,Tea Stall,Bangalore,GPay,SKU156,Product_156,Essentials,2,21.74,0.0,43.48,2.17,30,20,10-20 min,Delivered,26.0,95.65
O0758,16-01-2025,1,16,Cust_157,Bulk,Bakery,Delhi,NetBanking,SKU157,Product_157,Dairy,4,6.34,0.0,25.36,1.27,10,10,20-30 min,Delivered,15.0,46.63
O0759,22-02-2025,2,22,Cust_158,Bulk,Cloud Kitchen,Delhi,UPI,SKU158,Product_158,Beverages,4,101.87,10.19,397.29,19.86,10,20,10-20 min,Delivered,1.0,447.15
O0760,05-01-2025,1,5,Cust_159,Returning,Household,Bangalore,PhonePe,SKU159,Product_159,Baby,3,150.45,7.52,443.83,22.19,10,0,10-20 min,Delivered,15.0,476.02
O0761,04-02-2025,2,4,Cust_160,Bulk,Café,Delhi,UPI,SKU160,Product_160,Beverages,1,44.31,6.65,37.66,1.88,10,10,30-45 min,Returned,24.6,59.54000000000001
O0762,12-01-2025,1,12,Cust_161,Bulk,Bakery,Delhi,NetBanking,SKU161,Product_161,Baby,4,66.15,9.92,254.68,12.73,0,10,10-20 min,Delivered,11.0,277.41
O0763,25-01-2025,1,25,Cust_162,Returning,Household,Bangalore,PhonePe,SKU162,Product_162,Essentials,3,123.07,0.0,369.21,18.46,30,10,10-20 min,Delivered,48.0,427.67
O0764,21-02-2025,2,21,Cust_163,Returning,Household,Delhi,Card,SKU163,Product_163,Frozen,2,84.15,12.62,155.68,7.78,30,10,10-20 min,Delivered,35.0,203.46
O0765,28-02-2025,2,28,Cust_164,New,Household,Bangalore,GPay,SKU164,Product_164,Beverages,6,15.14,0.76,90.08,4.5,20,20,10-20 min,Delivered,28.0,134.58
O0766,21-01-2025,1,21,Cust_165,Bulk,Café,Delhi,Card,SKU165,Product_165,Veg,3,86.96,8.7,252.18,12.61,20,20,10-20 min,Delivered,45.0,304.79
O0767,05-02-2025,2,5,Cust_166,Bulk,Café,Delhi,UPI,SKU166,Product_166,Snacks,5,238.22,35.73,1155.37,57.77,10,10,10-20 min,Delivered,28.0,1233.14
O0768,22-02-2025,2,22,Cust_167,Bulk,Tea Stall,Mumbai,NetBanking,SKU167,Product_167,Dairy,1,150.51,7.53,142.98,7.15,10,0,20-30 min,Delivered,41.0,160.13
O0769,23-01-2025,1,23,Cust_168,Bulk,Office,Delhi,UPI,SKU168,Product_168,Beverages,2,59.92,8.99,110.85,5.54,0,5,20-30 min,Cancelled,24.6,121.39
O0770,16-01-2025,1,16,Cust_169,Bulk,Office,Bangalore,UPI,SKU169,Product_169,Dairy,2,244.07,0.0,488.14,24.41,10,20,20-30 min,Delivered,36.0,542.55
O0771,26-02-2025,2,26,Cust_170,New,Household,Delhi,PhonePe,SKU170,Product_170,Frozen,1,164.6,24.69,139.91,7.0,10,0,10-20 min,Delivered,12.0,156.91
O0772,08-02-2025,2,8,Cust_171,Bulk,Cloud Kitchen,Delhi,Card,SKU171,Product_171,Veg,1,77.15,0.0,77.15,3.86,20,15,10-20 min,Delivered,37.0,116.01
O0773,14-02-2025,2,14,Cust_172,Bulk,Tea Stall,Delhi,NetBanking,SKU172,Product_172,Bakery,1,57.45,0.0,57.45,2.87,30,5,10-20 min,Delivered,37.0,95.32
O0774,22-02-2025,2,22,Cust_173,Bulk,Bakery,Mumbai,Wallet,SKU173,Product_173,Frozen,1,97.56,9.76,87.8,4.39,10,10,10-20 min,Delivered,22.0,112.19
O0775,11-02-2025,2,11,Cust_174,Bulk,Office,Bangalore,GPay,SKU174,Product_174,Snacks,7,155.36,23.3,1064.22,53.21,10,5,10-20 min,Delivered,22.0,1132.43
O0776,27-02-2025,2,27,Cust_175,Bulk,Tea Stall,Bangalore,UPI,SKU175,Product_175,Snacks,1,154.07,15.41,138.66,6.93,20,10,10-20 min,Delivered,24.0,175.59
O0777,08-02-2025,2,8,Cust_176,Bulk,Office,Delhi,Wallet,SKU176,Product_176,Snacks,2,158.43,7.92,308.94,15.45,10,20,20-30 min,Delivered,26.0,354.39
O0778,14-01-2025,1,14,Cust_177,New,Household,Delhi,UPI,SKU177,Product_177,Dairy,1,116.29,11.63,104.66,5.23,20,20,10-20 min,Delivered,16.0,149.89
O0779,31-01-2025,1,31,Cust_178,Bulk,Bakery,Mumbai,NetBanking,SKU178,Product_178,Other,5,177.5,26.62,860.88,43.04,0,5,10-20 min,Cancelled,24.6,908.92
O0780,27-02-2025,2,27,Cust_179,Bulk,Tea Stall,Delhi,UPI,SKU179,Product_179,Fruits ,3,56.64,2.83,167.09,8.35,0,15,20-30 min,Cancelled,24.6,190.44
O0781,05-01-2025,1,5,Cust_180,Bulk,Tea Stall,Bangalore,COD,SKU180,Product_180,Frozen,2,181.18,18.12,344.24,17.21,30,0,10-20 min,Delivered,10.0,391.45
O0782,04-02-2025,2,4,Cust_181,Returning,Household,Bangalore,NetBanking,SKU181,Product_181,Dairy,3,131.64,0.0,394.92,19.75,30,10,10-20 min,Returned,24.6,454.67
O0783,23-01-2025,1,23,Cust_182,Bulk,Bakery,Mumbai,Card,SKU182,Product_182,Dairy,1,72.6,7.26,65.33999999999999,3.27,30,15,10-20 min,Cancelled,24.6,113.61
O0784,29-01-2025,1,29,Cust_183,Bulk,Tea Stall,Bangalore,GPay,SKU183,Product_183,Other,1,56.03,2.8,53.23,2.66,20,0,30-45 min,Delivered,41.0,75.89
O0785,12-02-2025,2,12,Cust_184,Bulk,Office,Delhi,UPI,SKU184,Product_184,Fruits ,6,96.68,0.0,580.08,29.0,0,15,10-20 min,Delivered,28.0,624.08
O0786,11-01-2025,1,11,Cust_185,Bulk,Tea Stall,Delhi,UPI,SKU185,Product_185,Veg,4,176.92,8.85,698.8299999999999,34.94,10,15,10-20 min,Delivered,17.0,758.77
O0787,18-01-2025,1,18,Cust_186,Bulk,Office,Mumbai,Card,SKU186,Product_186,Dairy,1,24.66,0.0,24.66,1.23,20,15,30-45 min,Delivered,39.0,60.89
O0788,16-02-2025,2,16,Cust_187,Bulk,Tea Stall,Delhi,UPI,SKU187,Product_187,Essentials,1,58.18,2.91,55.27,2.76,30,10,20-30 min,Cancelled,24.6,98.03
O0790,09-01-2025,1,9,Cust_189,Bulk,Office,Delhi,UPI,SKU189,Product_189,Baby,1,123.67,6.18,117.49,5.87,30,5,10-20 min,Delivered,25.0,158.36
O0791,10-01-2025,1,10,Cust_190,Returning,Household,Bangalore,COD,SKU190,Product_190,Frozen,1,160.47,8.02,152.45,7.62,0,10,10-20 min,Delivered,28.0,170.07
O0792,27-02-2025,2,27,Cust_191,Bulk,Office,Delhi,NetBanking,SKU191,Product_191,Frozen,2,11.21,0.56,21.86,1.09,30,15,20-30 min,Delivered,14.0,67.95
O0793,13-02-2025,2,13,Cust_192,Bulk,Office,Bangalore,COD,SKU192,Product_192,Bakery,1,184.92,18.49,166.43,8.32,30,15,20-30 min,Delivered,26.0,219.75
O0794,17-01-2025,1,17,Cust_193,New,Household,Delhi,UPI,SKU193,Product_193,Frozen,4,153.58,15.36,598.96,29.95,10,5,20-30 min,Delivered,26.0,643.9100000000001
O0795,07-02-2025,2,7,Cust_194,Bulk,Café,Bangalore,UPI,SKU194,Product_194,Veg,4,164.08,16.41,639.9100000000001,32.0,30,15,10-20 min,Delivered,20.0,716.9100000000001
O0796,07-01-2025,1,7,Cust_195,Bulk,Café,Bangalore,PhonePe,SKU195,Product_195,Snacks,1,142.92,21.44,121.48,6.07,10,10,20-30 min,Delivered,16.0,147.55
O0797,15-02-2025,2,15,Cust_196,Bulk,Office,Bangalore,COD,SKU196,Product_196,Essentials,1,141.09,14.11,126.98,6.35,30,20,20-30 min,Delivered,15.0,183.33
O0798,13-01-2025,1,13,Cust_197,Bulk,Office,Bangalore,NetBanking,SKU197,Product_197,Snacks,2,197.42,19.74,375.1,18.75,20,20,20-30 min,Delivered,32.0,433.85
O0799,09-02-2025,2,9,Cust_198,Bulk,Café,Bangalore,UPI,SKU198,Product_198,Frozen,3,106.55,10.66,308.99,15.45,0,10,10-20 min,Delivered,26.0,334.4399999999999
O0800,11-02-2025,2,11,Cust_199,Bulk,Tea Stall,Mumbai,UPI,SKU199,Product_199,Baby,3,82.32,12.35,234.61,11.73,10,0,10-20 min,Delivered,35.0,256.34
O0801,09-01-2025,1,9,Cust_200,Bulk,Café,Bangalore,UPI,SKU0,Product_0,Frozen,3,65.33,0.0,195.99,9.8,20,20,10-20 min,Delivered,9.0,245.79
O0802,19-02-2025,2,19,Cust_201,Bulk,Cloud Kitchen,Bangalore,Wallet,SKU1,Product_1,Dairy,1,103.97,15.6,88.37,4.42,0,20,10-20 min,Delivered,29.0,112.79
O0803,27-01-2025,1,27,Cust_202,Bulk,Office,Delhi,Wallet,SKU2,Product_2,Frozen,3,74.47,7.45,215.96,10.8,20,5,10-20 min,Delivered,21.0,251.76
O0804,27-02-2025,2,27,Cust_203,Bulk,Office,Bangalore,GPay,SKU3,Product_3,Frozen,4,138.75,6.94,548.06,27.4,10,0,20-30 min,Delivered,29.0,585.4599999999999
O0805,02-01-2025,1,2,Cust_204,Bulk,Bakery,Mumbai,PhonePe,SKU4,Product_4,Fruits,3,128.51,19.28,366.25,18.31,30,10,20-30 min,Delivered,21.0,424.56
O0806,05-01-2025,1,5,Cust_205,Bulk,Tea Stall,Bangalore,Card,SKU5,Product_5,Essentials,2,129.63,6.48,252.78,12.64,10,0,10-20 min,Cancelled,24.6,275.42
O0807,29-01-2025,1,29,Cust_206,Bulk,Bakery,Mumbai,Card,SKU6,Product_6,Veg,7,179.39,17.94,1237.79,61.89,0,0,10-20 min,Delivered,18.0,1299.68
O0808,06-02-2025,2,6,Cust_207,Bulk,Bakery,Mumbai,Wallet,SKU7,Product_7,Frozen,5,44.53,2.23,220.42,11.02,0,0,10-20 min,Delivered,34.0,231.44
O0809,07-02-2025,2,7,Cust_208,New,Household,Mumbai,Wallet,SKU8,Product_8,Snacks,1,144.12,7.21,136.91,6.85,20,20,20-30 min,Delivered,17.0,183.76
O0810,19-01-2025,1,19,Cust_209,Bulk,Office,Delhi,UPI,SKU9,Product_9,Baby,1,169.21,16.92,152.29,7.61,0,5,10-20 min,Delivered,10.0,164.9
O0811,08-01-2025,1,8,Cust_210,Returning,Household,Delhi,Card,SKU10,Product_10,Beverages,5,107.78,10.78,528.12,26.41,30,5,10-20 min,Delivered,43.0,589.53
O0812,17-02-2025,2,17,Cust_211,Bulk,Tea Stall,Delhi,Wallet,SKU11,Product_11,Baby,1,96.39,9.64,86.75,4.34,20,15,10-20 min,Delivered,35.0,126.09
O0813,14-02-2025,2,14,Cust_212,Bulk,Tea Stall,Bangalore,NetBanking,SKU12,Product_12,Frozen,5,125.47,12.55,614.8000000000001,30.74,30,15,10-20 min,Delivered,43.0,690.5400000000001
O0814,01-01-2025,1,1,Cust_213,Bulk,Bakery,Mumbai,Card,SKU13,Product_13,Beverages,5,110.9,16.64,537.86,26.89,10,0,10-20 min,Cancelled,24.6,574.75
O0815,22-01-2025,1,22,Cust_214,Bulk,Office,Delhi,PhonePe,SKU14,Product_14,Baby,1,138.88,13.89,124.99,6.25,30,20,20-30 min,Delivered,43.0,181.24
O0816,21-02-2025,2,21,Cust_215,Bulk,Cloud Kitchen,Mumbai,NetBanking,SKU15,Product_15,Snacks,2,172.33,0.0,344.66,17.23,0,15,10-20 min,Delivered,21.0,376.89
O0817,17-01-2025,1,17,Cust_216,Bulk,Office,Mumbai,PhonePe,SKU16,Product_16,Frozen,2,64.31,3.22,125.4,6.27,0,20,10-20 min,Delivered,19.0,151.67
O0818,07-01-2025,1,7,Cust_217,Returning,Household,Bangalore,UPI,SKU17,Product_17,Frozen,2,183.91,18.39,349.43,17.47,30,5,10-20 min,Failed,24.6,401.9
O0819,25-01-2025,1,25,Cust_218,Bulk,Bakery,Delhi,Wallet,SKU18,Product_18,Frozen,5,179.79,17.98,880.9699999999999,44.05,20,20,10-20 min,Delivered,17.0,965.0199999999999
O0820,14-02-2025,2,14,Cust_219,Bulk,Café,Mumbai,Wallet,SKU19,Product_19,Veg,3,122.37,12.24,354.87,17.74,10,15,20-30 min,Delivered,26.0,397.61
O0821,04-01-2025,1,4,Cust_220,Bulk,Cloud Kitchen,Delhi,PhonePe,SKU20,Product_20,Fruits ,1,111.5,5.58,105.92,5.3,0,20,20-30 min,Delivered,12.0,131.22
O0822,05-02-2025,2,5,Cust_221,Bulk,Café,Bangalore,Card,SKU21,Product_21,Dairy,1,112.25,16.84,95.41,4.77,10,10,20-30 min,Failed,24.6,120.18
O0823,06-01-2025,1,6,Cust_222,Bulk,Office,Mumbai,NetBanking,SKU22,Product_22,Fruits,3,86.29,0.0,258.87,12.94,0,20,10-20 min,Delivered,2.0,291.81
O0824,01-03-2025,3,1,Cust_223,Bulk,Café,Bangalore,Wallet,SKU23,Product_23,Fruits,7,82.68,12.4,566.36,28.32,0,10,10-20 min,Delivered,30.0,604.6800000000001
O0825,31-01-2025,1,31,Cust_224,Bulk,Tea Stall,Delhi,UPI,SKU24,Product_24,Snacks,1,144.19,14.42,129.77,6.49,20,15,10-20 min,Delivered,33.0,171.26
O0826,19-01-2025,1,19,Cust_225,Bulk,Café,Delhi,UPI,SKU25,Product_25,Fruits ,1,193.18,9.66,183.52,9.18,20,5,30-45 min,Delivered,32.0,217.7
O0827,13-02-2025,2,13,Cust_226,Bulk,Cloud Kitchen,Bangalore,UPI,SKU26,Product_26,Snacks,2,160.85,8.04,313.66,15.68,20,20,10-20 min,Delivered,20.0,369.34
O0828,23-02-2025,2,23,Cust_227,Bulk,Tea Stall,Bangalore,UPI,SKU27,Product_27,Essentials,2,97.77,14.67,180.87,9.04,0,15,20-30 min,Delivered,11.0,204.91
O0829,08-02-2025,2,8,Cust_228,Returning,Household,Mumbai,COD,SKU28,Product_28,Baby,3,160.77,8.04,474.27,23.71,30,15,10-20 min,Delivered,33.0,542.98
O0830,27-01-2025,1,27,Cust_229,Bulk,Cloud Kitchen,Delhi,UPI,SKU29,Product_29,Veg,4,64.57,3.23,255.05,12.75,30,10,10-20 min,Failed,24.6,307.8
O0831,10-01-2025,1,10,Cust_230,New,Household,Delhi,UPI,SKU30,Product_30,Veg,4,56.11,5.61,218.83,10.94,0,20,10-20 min,Delivered,17.0,249.77
O0832,26-01-2025,1,26,Cust_231,Bulk,Cloud Kitchen,Mumbai,PhonePe,SKU31,Product_31,Snacks,4,180.09,27.01,693.35,34.67,30,0,10-20 min,Delivered,23.0,758.02
O0833,19-01-2025,1,19,Cust_232,Bulk,Cloud Kitchen,Mumbai,UPI,SKU32,Product_32,Frozen,2,219.72,10.99,428.45,21.42,30,10,10-20 min,Delivered,21.0,489.87
O0834,08-02-2025,2,8,Cust_233,Bulk,Cloud Kitchen,Mumbai,Wallet,SKU33,Product_33,Baby,3,129.97,0.0,389.91,19.5,20,20,10-20 min,Delivered,22.0,449.41
O0835,03-01-2025,1,3,Cust_234,Bulk,Café,Mumbai,GPay,SKU34,Product_34,Veg,6,119.39,17.91,698.4300000000001,34.92,20,10,10-20 min,Returned,24.6,763.35
O0836,14-02-2025,2,14,Cust_235,Bulk,Office,Bangalore,UPI,SKU35,Product_35,Frozen,3,71.22,0.0,213.66,10.68,30,0,10-20 min,Delivered,33.0,254.34
O0837,13-01-2025,1,13,Cust_236,Bulk,Café,Mumbai,GPay,SKU36,Product_36,Veg,3,86.24,8.62,250.1,12.5,10,20,10-20 min,Delivered,20.0,292.6
O0838,19-02-2025,2,19,Cust_237,Bulk,Office,Mumbai,GPay,SKU37,Product_37,Other,4,159.88,0.0,639.52,31.98,10,15,10-20 min,Delivered,19.0,696.5
O0839,28-01-2025,1,28,Cust_238,Bulk,Café,Bangalore,NetBanking,SKU38,Product_38,Veg,1,72.61,10.89,61.72,3.09,20,15,10-20 min,Delivered,11.0,99.81
O0840,27-02-2025,2,27,Cust_239,Bulk,Office,Mumbai,PhonePe,SKU39,Product_39,Frozen,3,13.74,2.06,39.16,1.96,0,10,20-30 min,Delivered,29.0,51.12
O0841,20-01-2025,1,20,Cust_240,Bulk,Bakery,Delhi,Card,SKU40,Product_40,Other,3,117.02,5.85,345.21,17.26,0,0,10-20 min,Delivered,4.0,362.47
O0842,28-01-2025,1,28,Cust_241,New,Household,Mumbai,UPI,SKU41,Product_41,Veg,2,110.98,5.55,216.41,10.82,10,10,20-30 min,Returned,24.6,247.23
O0843,08-01-2025,1,8,Cust_242,Bulk,Bakery,Mumbai,UPI,SKU42,Product_42,Frozen,2,64.77,6.48,123.06,6.15,30,0,10-20 min,Cancelled,24.6,159.21
O0844,10-02-2025,2,10,Cust_243,Bulk,Tea Stall,Mumbai,Wallet,SKU43,Product_43,Baby,2,138.98,13.9,264.06,13.2,0,5,10-20 min,Delivered,16.0,282.26
O0845,08-02-2025,2,8,Cust_244,Bulk,Office,Delhi,COD,SKU44,Product_44,Frozen,3,198.2,29.73,564.8699999999999,28.24,10,10,10-20 min,Delivered,22.0,613.1099999999999
O0846,01-01-2025,1,1,Cust_245,Bulk,Café,Bangalore,UPI,SKU45,Product_45,Fruits,3,31.09,0.0,93.27,4.66,10,15,20-30 min,Delivered,24.0,122.93
O0847,03-01-2025,1,3,Cust_246,Bulk,Bakery,Bangalore,Card,SKU46,Product_46,Frozen,2,132.73,19.91,245.55,12.28,0,10,10-20 min,Delivered,35.0,267.83
O0848,13-01-2025,1,13,Cust_247,Returning,Household,Bangalore,Card,SKU47,Product_47,Fruits ,3,175.96,0.0,527.88,26.39,30,15,20-30 min,Cancelled,24.6,599.27
O0849,28-01-2025,1,28,Cust_248,Returning,Household,Bangalore,Card,SKU48,Product_48,Beverages,1,66.43,6.64,59.79000000000001,2.99,10,0,20-30 min,Delivered,30.0,72.78
O0850,26-02-2025,2,26,Cust_249,Bulk,Bakery,Delhi,Card,SKU49,Product_49,Veg,5,120.98,6.05,598.85,29.94,10,10,10-20 min,Delivered,42.0,648.7900000000001
O0851,01-03-2025,3,1,Cust_250,Returning,Household,Bangalore,NetBanking,SKU50,Product_50,Other,1,68.61,0.0,68.61,3.43,0,5,20-30 min,Failed,24.6,77.04
O0852,18-02-2025,2,18,Cust_251,Returning,Household,Mumbai,UPI,SKU51,Product_51,Veg,3,97.03,4.85,286.24,14.31,0,10,20-30 min,Delivered,23.0,310.55
O0853,25-01-2025,1,25,Cust_252,Returning,Household,Delhi,UPI,SKU52,Product_52,Veg,4,111.95,0.0,447.8,22.39,20,20,10-20 min,Delivered,37.0,510.19
O0854,25-02-2025,2,25,Cust_253,Bulk,Cloud Kitchen,Mumbai,Card,SKU53,Product_53,Snacks,3,117.31,0.0,351.93,17.6,30,10,10-20 min,Delivered,26.0,409.53
O0855,02-02-2025,2,2,Cust_254,Bulk,Café,Delhi,GPay,SKU54,Product_54,Snacks,5,31.44,0.0,157.2,7.86,0,15,10-20 min,Delivered,17.0,180.06
O0856,07-02-2025,2,7,Cust_255,Bulk,Bakery,Delhi,UPI,SKU55,Product_55,Veg,7,190.91,19.09,1317.28,65.86,10,20,30-45 min,Delivered,29.0,1413.14
O0857,22-02-2025,2,22,Cust_256,Bulk,Bakery,Delhi,PhonePe,SKU56,Product_56,Veg,6,160.93,16.09,949.49,47.47,30,10,10-20 min,Delivered,15.0,1036.96
O0858,06-01-2025,1,6,Cust_257,New,Household,Mumbai,Wallet,SKU57,Product_57,Bakery,2,150.81,0.0,301.62,15.08,30,20,10-20 min,Delivered,43.0,366.7
O0859,27-02-2025,2,27,Cust_258,New,Household,Mumbai,Wallet,SKU58,Product_58,Bakery,3,132.87,13.29,385.32,19.27,10,20,20-30 min,Delivered,36.0,434.59
O0860,13-02-2025,2,13,Cust_259,Bulk,Bakery,Bangalore,Card,SKU59,Product_59,Dairy,6,216.38,21.64,1276.64,63.83,30,0,20-30 min,Delivered,26.0,1370.47
O0861,14-02-2025,2,14,Cust_260,Bulk,Tea Stall,Bangalore,PhonePe,SKU60,Product_60,Beverages,5,111.3,5.57,550.93,27.55,30,5,30-45 min,Delivered,28.0,613.4799999999999
O0862,01-02-2025,2,1,Cust_261,Bulk,Tea Stall,Delhi,PhonePe,SKU61,Product_61,Essentials,1,197.76,19.78,177.98,8.9,10,10,10-20 min,Delivered,13.0,206.88
O0863,14-02-2025,2,14,Cust_262,Bulk,Café,Delhi,NetBanking,SKU62,Product_62,Frozen,1,188.82,18.88,169.94,8.5,30,15,30-45 min,Delivered,16.0,223.44
O0864,16-02-2025,2,16,Cust_263,Bulk,Cloud Kitchen,Mumbai,Card,SKU63,Product_63,Veg,5,76.56,11.48,371.32,18.57,0,10,10-20 min,Delivered,23.0,399.89
O0865,21-01-2025,1,21,Cust_264,New,Household,Bangalore,UPI,SKU64,Product_64,Beverages,1,104.16,15.62,88.53999999999999,4.43,10,20,10-20 min,Delivered,21.0,122.97
O0866,16-01-2025,1,16,Cust_265,Bulk,Office,Bangalore,GPay,SKU65,Product_65,Fruits ,5,97.69,9.77,478.68,23.93,0,5,20-30 min,Delivered,17.0,507.61
O0867,23-02-2025,2,23,Cust_266,Bulk,Café,Bangalore,PhonePe,SKU66,Product_66,Fruits,4,71.57,3.58,282.7,14.13,20,5,10-20 min,Delivered,7.0,321.83
O0868,21-01-2025,1,21,Cust_267,Bulk,Bakery,Bangalore,PhonePe,SKU67,Product_67,Veg,2,36.59,1.83,71.35000000000001,3.57,20,0,20-30 min,Delivered,26.0,94.92
O0869,11-01-2025,1,11,Cust_268,Bulk,Bakery,Mumbai,UPI,SKU68,Product_68,Dairy,2,155.74,15.57,295.91,14.8,30,0,10-20 min,Delivered,25.0,340.71
O0870,01-03-2025,3,1,Cust_269,Bulk,Cloud Kitchen,Mumbai,UPI,SKU69,Product_69,Snacks,2,220.29,22.03,418.55,20.93,30,5,20-30 min,Delivered,42.0,474.48
O0871,06-02-2025,2,6,Cust_270,Bulk,Tea Stall,Delhi,COD,SKU70,Product_70,Frozen,2,0.66,0.1,1.22,0.06,30,5,20-30 min,Delivered,28.0,36.28
O0872,05-02-2025,2,5,Cust_271,Bulk,Tea Stall,Bangalore,NetBanking,SKU71,Product_71,Other,3,54.37,8.16,154.95,7.75,20,15,10-20 min,Cancelled,24.6,197.7
O0873,04-02-2025,2,4,Cust_272,Bulk,Tea Stall,Mumbai,UPI,SKU72,Product_72,Fruits,4,93.91,0.0,375.64,18.78,30,20,10-20 min,Delivered,29.0,444.42
O0874,19-01-2025,1,19,Cust_273,Bulk,Tea Stall,Delhi,COD,SKU73,Product_73,Fruits ,6,143.88,7.19,856.0899999999999,42.8,20,20,10-20 min,Delivered,36.0,938.8899999999999
O0875,20-01-2025,1,20,Cust_274,Bulk,Cloud Kitchen,Mumbai,UPI,SKU74,Product_74,Fruits ,1,96.42,14.46,81.96000000000001,4.1,0,0,30-45 min,Returned,24.6,86.06
O0876,26-02-2025,2,26,Cust_275,New,Household,Delhi,NetBanking,SKU75,Product_75,Dairy,5,129.58,6.48,641.4200000000001,32.07,0,10,20-30 min,Returned,24.6,683.4900000000001
O0877,18-01-2025,1,18,Cust_276,Bulk,Tea Stall,Bangalore,Card,SKU76,Product_76,Baby,4,145.76,14.58,568.4599999999999,28.42,30,5,10-20 min,Failed,24.6,631.8799999999999
O0878,16-02-2025,2,16,Cust_277,Bulk,Cloud Kitchen,Delhi,GPay,SKU77,Product_77,Bakery,3,112.53,16.88,320.71,16.04,30,15,10-20 min,Delivered,19.0,381.7500000000001
O0879,10-02-2025,2,10,Cust_278,Bulk,Office,Delhi,COD,SKU78,Product_78,Essentials,6,100.68,15.1,588.98,29.45,0,5,10-20 min,Delivered,21.0,623.4300000000001
O0880,18-02-2025,2,18,Cust_279,Bulk,Café,Mumbai,PhonePe,SKU79,Product_79,Dairy,7,137.83,6.89,957.9200000000001,47.9,30,10,10-20 min,Delivered,41.0,1045.82
O0881,14-01-2025,1,14,Cust_280,Bulk,Office,Mumbai,PhonePe,SKU80,Product_80,Frozen,2,119.09,17.86,220.32,11.02,30,0,10-20 min,Delivered,16.0,261.34
O0882,15-01-2025,1,15,Cust_281,Bulk,Office,Delhi,UPI,SKU81,Product_81,Veg,1,122.54,6.13,116.41,5.82,10,20,20-30 min,Delivered,30.0,152.23
O0883,31-01-2025,1,31,Cust_282,Bulk,Office,Bangalore,PhonePe,SKU82,Product_82,Dairy,1,111.21,16.68,94.53,4.73,30,5,10-20 min,Delivered,34.0,134.26
O0884,01-01-2025,1,1,Cust_283,Bulk,Café,Mumbai,NetBanking,SKU83,Product_83,Fruits ,3,159.03,0.0,477.09,23.85,20,10,10-20 min,Delivered,29.0,530.94
O0885,22-02-2025,2,22,Cust_284,Bulk,Bakery,Bangalore,NetBanking,SKU84,Product_84,Bakery,6,115.65,5.78,688.1200000000001,34.41,30,5,20-30 min,Failed,24.6,757.5300000000001
O0886,23-02-2025,2,23,Cust_285,Bulk,Tea Stall,Bangalore,Wallet,SKU85,Product_85,Essentials,1,75.64,11.35,64.29,3.21,0,10,10-20 min,Delivered,19.0,77.5
O0887,23-02-2025,2,23,Cust_286,Bulk,Cloud Kitchen,Mumbai,PhonePe,SKU86,Product_86,Beverages,3,141.71,0.0,425.13,21.26,30,20,20-30 min,Delivered,35.0,496.39
O0888,03-01-2025,1,3,Cust_287,Bulk,Bakery,Delhi,NetBanking,SKU87,Product_87,Fruits,3,39.23,3.92,113.77,5.69,20,10,10-20 min,Delivered,33.0,149.46
O0889,16-01-2025,1,16,Cust_288,Bulk,Office,Delhi,COD,SKU88,Product_88,Baby,2,152.26,7.61,296.91,14.85,20,20,10-20 min,Delivered,29.0,351.76
O0890,23-01-2025,1,23,Cust_289,New,Household,Bangalore,NetBanking,SKU89,Product_89,Snacks,1,104.91,0.0,104.91,5.25,20,0,10-20 min,Cancelled,24.6,130.16
O0891,26-02-2025,2,26,Cust_290,Bulk,Café,Bangalore,NetBanking,SKU90,Product_90,Veg,7,154.23,7.71,1071.9,53.59,20,15,10-20 min,Failed,24.6,1160.49
O0892,11-01-2025,1,11,Cust_291,Bulk,Cloud Kitchen,Mumbai,Card,SKU91,Product_91,Other,4,7.4,0.37,29.23,1.46,20,10,10-20 min,Delivered,26.0,60.69
O0893,12-01-2025,1,12,Cust_292,Bulk,Café,Delhi,Wallet,SKU92,Product_92,Essentials,3,122.96,18.44,350.44,17.52,10,0,10-20 min,Delivered,32.0,377.96
O0894,10-01-2025,1,10,Cust_293,Bulk,Office,Bangalore,PhonePe,SKU93,Product_93,Beverages,4,152.61,0.0,610.44,30.52,10,15,10-20 min,Delivered,45.0,665.96
O0895,01-02-2025,2,1,Cust_294,Bulk,Café,Delhi,Card,SKU94,Product_94,Dairy,5,207.48,20.75,1016.65,50.83,30,0,20-30 min,Delivered,10.0,1097.48
O0896,16-01-2025,1,16,Cust_295,Bulk,Tea Stall,Mumbai,UPI,SKU95,Product_95,Snacks,3,131.49,13.15,381.3200000000001,19.07,10,15,20-30 min,Delivered,16.0,425.39
O0897,08-01-2025,1,8,Cust_296,Bulk,Tea Stall,Delhi,PhonePe,SKU96,Product_96,Veg,4,186.97,9.35,738.53,36.93,0,5,20-30 min,Delivered,40.0,780.4599999999999
O0898,07-02-2025,2,7,Cust_297,Bulk,Tea Stall,Bangalore,Card,SKU97,Product_97,Dairy,9,52.59,0.0,473.3100000000001,23.67,30,20,30-45 min,Cancelled,24.6,546.98
O0899,12-01-2025,1,12,Cust_298,Returning,Household,Bangalore,UPI,SKU98,Product_98,Beverages,1,125.41,18.81,106.6,5.33,30,10,10-20 min,Delivered,33.0,151.93
O0900,24-01-2025,1,24,Cust_299,Bulk,Cloud Kitchen,Bangalore,UPI,SKU99,Product_99,Bakery,1,235.41,0.0,235.41,11.77,0,0,10-20 min,Delivered,17.0,247.18
O0901,28-01-2025,1,28,Cust_0,Bulk,Cloud Kitchen,Mumbai,UPI,SKU100,Product_100,Fruits ,3,17.87,0.89,52.72,2.64,10,10,20-30 min,Delivered,9.0,75.36
O0902,22-02-2025,2,22,Cust_1,Bulk,Tea Stall,Delhi,PhonePe,SKU101,Product_101,Essentials,1,4.67,0.23,4.44,0.22,20,15,20-30 min,Delivered,21.0,39.66
O0904,27-02-2025,2,27,Cust_3,Bulk,Bakery,Bangalore,UPI,SKU103,Product_103,Baby,2,121.08,12.11,230.05,11.5,30,15,10-20 min,Delivered,29.0,286.55
O0905,28-01-2025,1,28,Cust_4,Bulk,Office,Mumbai,GPay,SKU104,Product_104,Fruits ,2,24.26,2.43,46.09,2.3,30,15,10-20 min,Delivered,32.0,93.39
O0906,05-02-2025,2,5,Cust_5,Bulk,Café,Mumbai,UPI,SKU105,Product_105,Fruits ,4,90.7,13.61,349.19,17.46,10,0,20-30 min,Delivered,31.0,376.65
O0907,26-01-2025,1,26,Cust_6,Bulk,Bakery,Bangalore,UPI,SKU106,Product_106,Snacks,2,187.19,18.72,355.66,17.78,30,5,20-30 min,Delivered,15.0,408.4399999999999
O0908,08-01-2025,1,8,Cust_7,Bulk,Office,Mumbai,Card,SKU107,Product_107,Beverages,3,33.48,1.67,98.77,4.94,30,10,10-20 min,Delivered,6.0,143.71
O0909,27-02-2025,2,27,Cust_8,Bulk,Cloud Kitchen,Bangalore,UPI,SKU108,Product_108,Dairy,3,225.04,33.76,641.36,32.07,30,0,10-20 min,Delivered,20.0,703.4300000000001
O0910,01-03-2025,3,1,Cust_9,Bulk,Tea Stall,Delhi,UPI,SKU109,Product_109,Beverages,4,88.94,0.0,355.76,17.79,10,0,20-30 min,Delivered,24.0,383.55
O0911,19-02-2025,2,19,Cust_10,Bulk,Café,Mumbai,NetBanking,SKU110,Product_110,Snacks,6,230.63,23.06,1360.72,68.04,0,20,20-30 min,Delivered,37.0,1448.76
O0912,28-01-2025,1,28,Cust_11,Bulk,Tea Stall,Bangalore,UPI,SKU111,Product_111,Snacks,1,102.71,15.41,87.3,4.37,0,10,10-20 min,Delivered,29.0,101.67
O0913,28-01-2025,1,28,Cust_12,Bulk,Office,Mumbai,Wallet,SKU112,Product_112,Fruits,3,180.97,9.05,533.86,26.69,30,10,10-20 min,Delivered,36.0,600.5500000000001
O0914,06-02-2025,2,6,Cust_13,Bulk,Cloud Kitchen,Bangalore,UPI,SKU113,Product_113,Other,3,50.93,5.09,147.7,7.38,10,5,10-20 min,Delivered,3.0,170.08
O0915,10-02-2025,2,10,Cust_14,Bulk,Café,Mumbai,UPI,SKU114,Product_114,Frozen,1,88.12,13.22,74.9,3.75,10,20,10-20 min,Delivered,33.0,108.65
O0916,05-02-2025,2,5,Cust_15,Bulk,Café,Delhi,PhonePe,SKU115,Product_115,Veg,2,56.18,8.43,103.93,5.2,10,10,20-30 min,Delivered,18.0,129.13
O0917,27-01-2025,1,27,Cust_16,Bulk,Cloud Kitchen,Delhi,UPI,SKU116,Product_116,Veg,3,95.06,0.0,285.18,14.26,0,20,20-30 min,Cancelled,24.6,319.44
O0918,23-02-2025,2,23,Cust_17,New,Household,Mumbai,Card,SKU117,Product_117,Beverages,3,220.26,11.01,649.77,32.49,30,10,20-30 min,Delivered,17.0,722.26
O0919,17-01-2025,1,17,Cust_18,Bulk,Tea Stall,Mumbai,PhonePe,SKU118,Product_118,Beverages,3,184.0,0.0,552.0,27.6,20,5,10-20 min,Delivered,21.0,604.6
O0920,09-01-2025,1,9,Cust_19,Bulk,Tea Stall,Mumbai,NetBanking,SKU119,Product_119,Essentials,2,144.69,14.47,274.91,13.75,10,0,10-20 min,Returned,24.6,298.66
O0921,02-02-2025,2,2,Cust_20,New,Household,Mumbai,Wallet,SKU120,Product_120,Frozen,4,68.32,10.25,263.03,13.15,30,15,10-20 min,Delivered,21.0,321.1799999999999
O0922,22-02-2025,2,22,Cust_21,Bulk,Office,Mumbai,UPI,SKU121,Product_121,Veg,1,242.97,0.0,242.97,12.15,30,20,10-20 min,Delivered,22.0,305.12
O0923,20-01-2025,1,20,Cust_22,Bulk,Tea Stall,Mumbai,UPI,SKU122,Product_122,Other,1,85.44,4.27,81.17,4.06,0,10,10-20 min,Delivered,12.0,95.23
O0924,13-01-2025,1,13,Cust_23,Bulk,Office,Mumbai,UPI,SKU123,Product_123,Other,1,22.73,1.14,21.59,1.08,30,5,10-20 min,Delivered,21.0,57.67
O0926,17-02-2025,2,17,Cust_25,Bulk,Café,Delhi,COD,SKU125,Product_125,Frozen,3,116.47,17.47,331.9399999999999,16.6,30,10,20-30 min,Delivered,19.0,388.54
O0927,29-01-2025,1,29,Cust_26,Bulk,Office,Mumbai,UPI,SKU126,Product_126,Snacks,4,124.79,12.48,486.68,24.33,20,15,10-20 min,Cancelled,24.6,546.01
O0928,13-01-2025,1,13,Cust_27,Bulk,Café,Bangalore,NetBanking,SKU127,Product_127,Frozen,2,129.71,0.0,259.42,12.97,20,20,10-20 min,Delivered,22.0,312.39
O0929,15-02-2025,2,15,Cust_28,Bulk,Café,Mumbai,NetBanking,SKU128,Product_128,Other,1,54.08,5.41,48.67,2.43,0,0,20-30 min,Delivered,39.0,51.1
O0930,04-02-2025,2,4,Cust_29,New,Household,Bangalore,UPI,SKU129,Product_129,Essentials,1,46.88,4.69,42.19,2.11,30,10,30-45 min,Delivered,31.0,84.30000000000001
O0931,06-01-2025,1,6,Cust_30,Bulk,Office,Delhi,Wallet,SKU130,Product_130,Frozen,3,155.73,15.57,451.6199999999999,22.58,30,10,10-20 min,Delivered,19.0,514.1999999999999
O0932,18-01-2025,1,18,Cust_31,Bulk,Tea Stall,Bangalore,Wallet,SKU131,Product_131,Other,2,82.51,4.13,160.89,8.04,10,0,20-30 min,Delivered,14.0,178.93
O0933,20-02-2025,2,20,Cust_32,Bulk,Tea Stall,Delhi,PhonePe,SKU132,Product_132,Snacks,1,102.35,15.35,87.0,4.35,20,0,10-20 min,Delivered,38.0,111.35
O0934,05-01-2025,1,5,Cust_33,New,Household,Bangalore,Wallet,SKU133,Product_133,Snacks,3,159.79,15.98,463.39,23.17,20,0,10-20 min,Failed,24.6,506.56
O0935,16-02-2025,2,16,Cust_34,Bulk,Tea Stall,Mumbai,UPI,SKU134,Product_134,Snacks,1,172.43,25.86,146.57,7.33,0,10,20-30 min,Cancelled,24.6,163.9
O0936,25-01-2025,1,25,Cust_35,Bulk,Bakery,Bangalore,Wallet,SKU135,Product_135,Fruits ,2,87.46,4.37,170.55,8.53,30,10,20-30 min,Delivered,22.0,219.08
O0937,02-01-2025,1,2,Cust_36,Bulk,Cloud Kitchen,Mumbai,Wallet,SKU136,Product_136,Veg,1,72.52,10.88,61.63999999999999,3.08,0,20,30-45 min,Delivered,28.0,84.72
O0938,10-01-2025,1,10,Cust_37,Returning,Household,Mumbai,Card,SKU137,Product_137,Dairy,3,183.37,0.0,550.11,27.51,20,5,10-20 min,Delivered,28.0,602.62
O0939,25-02-2025,2,25,Cust_38,Bulk,Tea Stall,Bangalore,UPI,SKU138,Product_138,Dairy,1,158.17,23.73,134.44,6.72,20,15,10-20 min,Delivered,8.0,176.16
O0940,30-01-2025,1,30,Cust_39,Bulk,Cloud Kitchen,Delhi,Card,SKU139,Product_139,Fruits ,3,206.44,0.0,619.3199999999999,30.97,10,15,10-20 min,Delivered,24.0,675.29
O0941,19-02-2025,2,19,Cust_40,Bulk,Office,Mumbai,COD,SKU140,Product_140,Frozen,3,135.37,13.54,392.57,19.63,30,20,20-30 min,Delivered,29.0,462.2
O0942,28-02-2025,2,28,Cust_41,New,Household,Bangalore,GPay,SKU141,Product_141,Veg,3,138.7,13.87,402.23,20.11,0,0,10-20 min,Delivered,23.0,422.34
O0943,14-02-2025,2,14,Cust_42,Bulk,Bakery,Bangalore,UPI,SKU142,Product_142,Snacks,3,74.05,7.41,214.74,10.74,20,10,10-20 min,Delivered,24.0,255.48
O0944,05-01-2025,1,5,Cust_43,Bulk,Bakery,Mumbai,UPI,SKU143,Product_143,Frozen,4,106.97,10.7,417.18,20.86,10,0,30-45 min,Delivered,19.0,448.04
O0945,24-02-2025,2,24,Cust_44,Bulk,Cloud Kitchen,Mumbai,COD,SKU144,Product_144,Essentials,2,8.28,1.24,15.32,0.77,0,20,10-20 min,Delivered,26.0,36.09
O0946,25-02-2025,2,25,Cust_45,Bulk,Tea Stall,Bangalore,UPI,SKU145,Product_145,Bakery,5,213.92,0.0,1069.6,53.48,10,0,20-30 min,Cancelled,24.6,1133.08
O0947,02-02-2025,2,2,Cust_46,Bulk,Cloud Kitchen,Mumbai,UPI,SKU146,Product_146,Snacks,6,126.72,0.0,760.3199999999999,38.02,30,20,20-30 min,Delivered,9.0,848.3399999999999
O0948,23-02-2025,2,23,Cust_47,Bulk,Bakery,Delhi,NetBanking,SKU147,Product_147,Other,2,108.23,5.41,211.05,10.55,0,20,20-30 min,Delivered,18.0,241.6
O0949,01-01-2025,1,1,Cust_48,Bulk,Cloud Kitchen,Delhi,UPI,SKU148,Product_148,Essentials,2,107.72,10.77,204.67,10.23,20,20,10-20 min,Delivered,43.0,254.9
O0950,18-01-2025,1,18,Cust_49,Bulk,Bakery,Mumbai,UPI,SKU149,Product_149,Beverages,2,131.76,0.0,263.52,13.18,20,5,20-30 min,Delivered,43.0,301.7
O0951,01-02-2025,2,1,Cust_50,Bulk,Café,Bangalore,COD,SKU150,Product_150,Frozen,5,159.22,23.88,772.22,38.61,20,20,10-20 min,Delivered,24.0,850.83
O0952,16-02-2025,2,16,Cust_51,Bulk,Café,Delhi,UPI,SKU151,Product_151,Beverages,1,115.72,11.57,104.15,5.21,20,10,20-30 min,Failed,24.6,139.36
O0953,18-02-2025,2,18,Cust_52,Bulk,Café,Mumbai,NetBanking,SKU152,Product_152,Baby,4,61.84,3.09,244.27,12.21,20,5,10-20 min,Delivered,26.0,281.48
O0954,11-01-2025,1,11,Cust_53,Bulk,Office,Bangalore,Wallet,SKU153,Product_153,Dairy,5,25.58,3.84,124.06,6.2,30,0,10-20 min,Delivered,25.0,160.26
O0955,21-01-2025,1,21,Cust_54,Bulk,Café,Bangalore,Wallet,SKU154,Product_154,Other,1,101.63,10.16,91.47,4.57,20,10,10-20 min,Delivered,32.0,126.04
O0956,26-01-2025,1,26,Cust_55,Bulk,Tea Stall,Mumbai,UPI,SKU155,Product_155,Fruits ,1,154.27,7.71,146.56,7.33,30,10,10-20 min,Delivered,21.0,193.89
O0957,25-01-2025,1,25,Cust_56,Bulk,Office,Mumbai,GPay,SKU156,Product_156,Beverages,4,21.19,1.06,83.7,4.19,10,20,30-45 min,Delivered,31.0,117.89
O0958,22-01-2025,1,22,Cust_57,Bulk,Office,Bangalore,UPI,SKU157,Product_157,Baby,3,82.42,4.12,243.14,12.16,0,10,20-30 min,Failed,24.6,265.3
O0959,28-02-2025,2,28,Cust_58,Bulk,Cloud Kitchen,Mumbai,GPay,SKU158,Product_158,Beverages,2,49.61,2.48,96.74,4.84,20,5,30-45 min,Delivered,24.0,126.58
O0960,27-01-2025,1,27,Cust_59,Bulk,Tea Stall,Bangalore,UPI,SKU159,Product_159,Beverages,5,32.34,0.0,161.7,8.09,20,10,20-30 min,Failed,24.6,199.79
O0961,18-02-2025,2,18,Cust_60,Bulk,Office,Bangalore,Card,SKU160,Product_160,Bakery,1,151.43,22.71,128.72,6.44,10,10,10-20 min,Delivered,37.0,155.16
O0962,13-01-2025,1,13,Cust_61,Returning,Household,Delhi,COD,SKU161,Product_161,Baby,4,229.08,22.91,893.4100000000001,44.67,20,10,20-30 min,Delivered,25.0,968.08
O0963,02-02-2025,2,2,Cust_62,Bulk,Cloud Kitchen,Bangalore,Card,SKU162,Product_162,Essentials,4,121.86,18.28,469.16,23.46,30,5,20-30 min,Delivered,20.0,527.6199999999999
O0964,03-02-2025,2,3,Cust_63,Returning,Household,Mumbai,UPI,SKU163,Product_163,Frozen,1,161.25,0.0,161.25,8.06,30,20,10-20 min,Delivered,28.0,219.31
O0965,10-02-2025,2,10,Cust_64,Bulk,Cloud Kitchen,Delhi,Card,SKU164,Product_164,Bakery,1,115.42,0.0,115.42,5.77,0,10,30-45 min,Delivered,23.0,131.19
O0966,04-02-2025,2,4,Cust_65,New,Household,Delhi,Wallet,SKU165,Product_165,Snacks,3,235.92,0.0,707.76,35.39,0,5,10-20 min,Delivered,16.0,748.15
O0967,01-01-2025,1,1,Cust_66,Bulk,Office,Bangalore,UPI,SKU166,Product_166,Other,3,83.35,12.5,237.55,11.88,30,15,20-30 min,Delivered,30.0,294.4299999999999
O0968,21-01-2025,1,21,Cust_67,Bulk,Cloud Kitchen,Delhi,UPI,SKU167,Product_167,Bakery,2,109.34,0.0,218.68,10.93,10,5,20-30 min,Delivered,6.0,244.61
O0969,17-02-2025,2,17,Cust_68,Bulk,Cloud Kitchen,Delhi,NetBanking,SKU168,Product_168,Snacks,4,65.97,3.3,260.58,13.03,10,5,10-20 min,Delivered,30.0,288.61
O0970,24-02-2025,2,24,Cust_69,Bulk,Office,Delhi,NetBanking,SKU169,Product_169,Dairy,1,95.29,0.0,95.29,4.76,0,20,10-20 min,Delivered,26.0,120.05
O0972,28-01-2025,1,28,Cust_71,Bulk,Café,Bangalore,UPI,SKU171,Product_171,Beverages,4,114.52,17.18,440.9,22.05,30,20,20-30 min,Delivered,17.0,512.95
O0973,17-01-2025,1,17,Cust_72,Bulk,Cloud Kitchen,Delhi,COD,SKU172,Product_172,Beverages,2,152.23,22.83,281.63,14.08,30,5,10-20 min,Delivered,9.0,330.71
O0974,05-01-2025,1,5,Cust_73,Bulk,Tea Stall,Mumbai,Card,SKU173,Product_173,Fruits,3,61.75,3.09,182.16,9.11,30,20,10-20 min,Delivered,17.0,241.27
O0975,31-01-2025,1,31,Cust_74,Bulk,Office,Mumbai,UPI,SKU174,Product_174,Beverages,1,90.95,9.1,81.85000000000001,4.09,30,15,20-30 min,Delivered,34.0,130.94
O0977,07-02-2025,2,7,Cust_76,Bulk,Office,Delhi,PhonePe,SKU176,Product_176,Baby,1,25.59,0.0,25.59,1.28,30,20,10-20 min,Delivered,12.0,76.87
O0978,03-01-2025,1,3,Cust_77,Returning,Household,Mumbai,GPay,SKU177,Product_177,Dairy,1,113.92,5.7,108.22,5.41,20,0,20-30 min,Delivered,40.0,133.63
O0979,22-02-2025,2,22,Cust_78,Bulk,Office,Bangalore,Card,SKU178,Product_178,Bakery,3,137.38,20.61,391.53,19.58,20,15,10-20 min,Delivered,25.0,446.11
O0980,23-01-2025,1,23,Cust_79,Bulk,Office,Delhi,Card,SKU179,Product_179,Beverages,5,178.39,17.84,874.1099999999999,43.71,30,20,10-20 min,Delivered,24.0,967.8199999999999
O0981,06-02-2025,2,6,Cust_80,Bulk,Bakery,Bangalore,GPay,SKU180,Product_180,Dairy,1,128.7,0.0,128.7,6.43,30,5,20-30 min,Delivered,18.0,170.13
O0982,22-02-2025,2,22,Cust_81,Returning,Household,Mumbai,NetBanking,SKU181,Product_181,Dairy,4,94.18,14.13,362.59,18.13,20,0,20-30 min,Delivered,21.0,400.72
O0983,06-02-2025,2,6,Cust_82,New,Household,Delhi,UPI,SKU182,Product_182,Veg,5,93.45,14.02,453.23,22.66,0,10,20-30 min,Delivered,21.0,485.89
O0984,10-01-2025,1,10,Cust_83,Bulk,Cloud Kitchen,Bangalore,Wallet,SKU183,Product_183,Fruits ,5,28.37,1.42,140.43,7.02,10,0,10-20 min,Delivered,15.0,157.45
O0985,10-01-2025,1,10,Cust_84,Bulk,Cloud Kitchen,Mumbai,COD,SKU184,Product_184,Baby,4,218.99,0.0,875.96,43.8,0,20,20-30 min,Delivered,17.0,939.76
O0986,19-01-2025,1,19,Cust_85,Bulk,Café,Bangalore,UPI,SKU185,Product_185,Snacks,1,24.13,3.62,20.51,1.03,10,10,10-20 min,Delivered,22.0,41.54
O0987,17-01-2025,1,17,Cust_86,Bulk,Tea Stall,Delhi,GPay,SKU186,Product_186,Baby,5,51.77,0.0,258.85,12.94,30,5,20-30 min,Delivered,16.0,306.79
O0988,21-01-2025,1,21,Cust_87,Bulk,Tea Stall,Mumbai,COD,SKU187,Product_187,Essentials,3,143.01,21.45,407.58,20.38,20,0,10-20 min,Delivered,19.0,447.96
O0989,14-01-2025,1,14,Cust_88,Bulk,Cloud Kitchen,Delhi,UPI,SKU188,Product_188,Beverages,1,16.73,2.51,14.22,0.71,10,5,10-20 min,Delivered,15.0,29.93
O0990,09-01-2025,1,9,Cust_89,Returning,Household,Bangalore,COD,SKU189,Product_189,Fruits ,1,182.18,9.11,173.07,8.65,20,5,10-20 min,Delivered,27.0,206.72
O0991,15-02-2025,2,15,Cust_90,Bulk,Café,Mumbai,Card,SKU190,Product_190,Beverages,3,175.92,0.0,527.76,26.39,0,20,10-20 min,Delivered,35.0,574.15
O0992,01-01-2025,1,1,Cust_91,Returning,Household,Bangalore,UPI,SKU191,Product_191,Fruits ,4,50.78,2.54,200.58,10.03,20,5,10-20 min,Delivered,0.0,235.61
O0993,20-02-2025,2,20,Cust_92,Bulk,Bakery,Delhi,UPI,SKU192,Product_192,Frozen,6,145.33,0.0,871.98,43.6,30,5,30-45 min,Delivered,40.0,950.58
O0994,14-02-2025,2,14,Cust_93,Bulk,Bakery,Bangalore,UPI,SKU193,Product_193,Snacks,1,100.96,10.1,90.86,4.54,20,5,30-45 min,Delivered,16.0,120.4
O0995,13-01-2025,1,13,Cust_94,Bulk,Tea Stall,Bangalore,GPay,SKU194,Product_194,Frozen,4,139.46,0.0,557.84,27.89,0,0,10-20 min,Delivered,47.0,585.73
O0996,04-01-2025,1,4,Cust_95,Bulk,Café,Delhi,Card,SKU195,Product_195,Dairy,1,92.95,13.94,79.01,3.95,20,15,10-20 min,Delivered,25.0,117.96
O0997,01-01-2025,1,1,Cust_96,Bulk,Tea Stall,Bangalore,GPay,SKU196,Product_196,Other,1,115.37,0.0,115.37,5.77,0,0,10-20 min,Delivered,18.0,121.14
O0998,18-02-2025,2,18,Cust_97,New,Household,Delhi,UPI,SKU197,Product_197,Frozen,1,139.07,13.91,125.16,6.26,20,15,10-20 min,Returned,24.6,166.42
O0999,09-02-2025,2,9,Cust_98,Bulk,Cloud Kitchen,Delhi,Wallet,SKU198,Product_198,Frozen,4,160.81,24.12,619.12,30.96,30,0,10-20 min,Cancelled,24.6,680.08
O1000,01-02-2025,2,1,Cust_99,Bulk,Bakery,Mumbai,PhonePe,SKU199,Product_199,Veg,5,146.73,7.34,726.31,36.32,0,5,30-45 min,Delivered,17.0,767.63
O1001,03-02-2025,2,3,Cust_100,Bulk,Café,Mumbai,NetBanking,SKU0,Product_0,Bakery,4,88.46,8.85,344.99,17.25,20,20,10-20 min,Failed,24.6,402.24
O1002,28-01-2025,1,28,Cust_101,Bulk,Bakery,Delhi,COD,SKU1,Product_1,Frozen,3,112.5,5.62,331.88,16.59,30,20,10-20 min,Cancelled,24.6,398.47
O1003,31-01-2025,1,31,Cust_102,Bulk,Cloud Kitchen,Delhi,UPI,SKU2,Product_2,Beverages,1,54.47,8.17,46.3,2.31,0,0,10-20 min,Delivered,26.0,48.61
O1004,08-01-2025,1,8,Cust_103,Bulk,Cloud Kitchen,Bangalore,Wallet,SKU3,Product_3,Beverages,1,146.31,0.0,146.31,7.32,20,0,10-20 min,Delivered,21.0,173.63
O1005,08-02-2025,2,8,Cust_104,Bulk,Cloud Kitchen,Delhi,Card,SKU4,Product_4,Frozen,8,22.3,0.0,178.4,8.92,10,5,20-30 min,Delivered,45.0,202.32
O1006,26-01-2025,1,26,Cust_105,Bulk,Cloud Kitchen,Bangalore,GPay,SKU5,Product_5,Baby,4,141.67,21.25,545.43,27.27,10,10,10-20 min,Delivered,32.0,592.6999999999999
O1007,27-02-2025,2,27,Cust_106,Returning,Household,Mumbai,GPay,SKU6,Product_6,Veg,5,83.55,12.53,405.22,20.26,30,0,10-20 min,Delivered,20.0,455.48
O1008,03-02-2025,2,3,Cust_107,Bulk,Cloud Kitchen,Delhi,Card,SKU7,Product_7,Other,5,95.26,9.53,466.77,23.34,10,10,30-45 min,Delivered,30.0,510.11
O1009,23-02-2025,2,23,Cust_108,Bulk,Office,Bangalore,UPI,SKU8,Product_8,Beverages,4,162.94,0.0,651.76,32.59,0,0,10-20 min,Delivered,26.0,684.35
O1010,23-02-2025,2,23,Cust_109,Bulk,Office,Bangalore,UPI,SKU9,Product_9,Veg,2,45.54,2.28,88.8,4.44,10,10,20-30 min,Delivered,15.0,113.24
O1011,03-01-2025,1,3,Cust_110,Bulk,Tea Stall,Delhi,NetBanking,SKU10,Product_10,Dairy,1,15.64,0.0,15.64,0.78,20,10,20-30 min,Delivered,14.0,46.42
O1012,28-02-2025,2,28,Cust_111,Bulk,Tea Stall,Mumbai,COD,SKU11,Product_11,Frozen,3,83.11,12.47,236.86,11.84,30,0,10-20 min,Returned,24.6,278.7
O1013,19-02-2025,2,19,Cust_112,Bulk,Office,Bangalore,PhonePe,SKU12,Product_12,Bakery,8,184.54,9.23,1467.09,73.35,0,15,30-45 min,Delivered,19.0,1555.44
O1014,12-01-2025,1,12,Cust_113,Bulk,Café,Bangalore,Card,SKU13,Product_13,Veg,2,152.45,7.62,297.28,14.86,30,10,10-20 min,Delivered,33.0,352.14
O1015,01-01-2025,1,1,Cust_114,Returning,Household,Bangalore,COD,SKU14,Product_14,Dairy,1,29.88,0.0,29.88,1.49,30,0,10-20 min,Delivered,31.0,61.37
O1016,23-02-2025,2,23,Cust_115,Bulk,Office,Delhi,NetBanking,SKU15,Product_15,Frozen,2,115.91,11.59,220.23,11.01,10,20,10-20 min,Delivered,27.0,261.24
O1017,13-02-2025,2,13,Cust_116,Bulk,Office,Bangalore,UPI,SKU16,Product_16,Snacks,4,163.69,24.55,630.21,31.51,0,20,10-20 min,Delivered,15.0,681.72
O1018,05-01-2025,1,5,Cust_117,Bulk,Tea Stall,Mumbai,Card,SKU17,Product_17,Frozen,4,141.02,21.15,542.9300000000001,27.15,30,5,10-20 min,Returned,24.6,605.08
O1020,30-01-2025,1,30,Cust_119,Bulk,Café,Bangalore,GPay,SKU19,Product_19,Veg,3,120.46,6.02,355.36,17.77,0,0,20-30 min,Delivered,42.0,373.13
O1021,28-02-2025,2,28,Cust_120,Bulk,Office,Bangalore,Wallet,SKU20,Product_20,Dairy,1,1.19,0.18,1.01,0.05,10,5,30-45 min,Delivered,22.0,16.06
O1022,26-02-2025,2,26,Cust_121,Bulk,Bakery,Mumbai,COD,SKU21,Product_21,Snacks,5,270.87,40.63,1313.72,65.69,0,20,30-45 min,Delivered,33.0,1399.41
O1023,17-01-2025,1,17,Cust_122,Returning,Household,Bangalore,Card,SKU22,Product_22,Snacks,4,175.37,8.77,692.71,34.64,20,0,10-20 min,Delivered,20.0,747.35
O1024,17-02-2025,2,17,Cust_123,Bulk,Café,Bangalore,UPI,SKU23,Product_23,Fruits,2,112.16,0.0,224.32,11.22,10,0,10-20 min,Delivered,30.0,245.54
O1025,16-02-2025,2,16,Cust_124,Bulk,Cloud Kitchen,Bangalore,UPI,SKU24,Product_24,Fruits ,1,123.86,12.39,111.47,5.57,0,15,10-20 min,Delivered,19.0,132.04
O1026,23-01-2025,1,23,Cust_125,Bulk,Office,Delhi,UPI,SKU25,Product_25,Snacks,4,116.26,0.0,465.04,23.25,30,0,10-20 min,Delivered,29.0,518.29
O1027,15-01-2025,1,15,Cust_126,New,Household,Bangalore,COD,SKU26,Product_26,Frozen,4,167.47,16.75,653.13,32.66,30,5,10-20 min,Failed,24.6,720.79
O1028,06-02-2025,2,6,Cust_127,Bulk,Cloud Kitchen,Delhi,GPay,SKU27,Product_27,Veg,3,159.89,0.0,479.67,23.98,30,20,10-20 min,Returned,24.6,553.65
O1029,21-01-2025,1,21,Cust_128,Bulk,Tea Stall,Bangalore,Card,SKU28,Product_28,Snacks,1,185.67,0.0,185.67,9.28,20,0,20-30 min,Failed,24.6,214.95
O1030,14-01-2025,1,14,Cust_129,Bulk,Bakery,Delhi,GPay,SKU29,Product_29,Veg,1,131.78,13.18,118.6,5.93,20,10,10-20 min,Delivered,28.0,154.53
O1031,02-01-2025,1,2,Cust_130,Bulk,Office,Delhi,UPI,SKU30,Product_30,Fruits ,5,184.05,18.41,901.84,45.09,30,0,20-30 min,Failed,24.6,976.9300000000001
O1032,11-01-2025,1,11,Cust_131,Bulk,Tea Stall,Delhi,COD,SKU31,Product_31,Veg,4,158.82,15.88,619.4,30.97,20,10,20-30 min,Delivered,24.0,680.37
O1033,20-02-2025,2,20,Cust_132,Bulk,Café,Delhi,UPI,SKU32,Product_32,Other,2,99.7,0.0,199.4,9.97,10,5,10-20 min,Delivered,25.0,224.37
O1034,08-02-2025,2,8,Cust_133,Bulk,Café,Delhi,UPI,SKU33,Product_33,Veg,2,69.29,3.46,135.12,6.76,20,20,20-30 min,Delivered,30.0,181.88
O1035,07-02-2025,2,7,Cust_134,Bulk,Tea Stall,Bangalore,NetBanking,SKU34,Product_34,Fruits,2,119.31,5.97,232.65,11.63,10,20,30-45 min,Delivered,25.0,274.28
O1036,01-03-2025,3,1,Cust_135,Bulk,Café,Mumbai,COD,SKU35,Product_35,Essentials,6,159.9,0.0,959.4000000000001,47.97,0,20,20-30 min,Delivered,17.0,1027.37
O1037,03-02-2025,2,3,Cust_136,Bulk,Bakery,Mumbai,UPI,SKU36,Product_36,Other,3,67.02,0.0,201.06,10.05,20,20,20-30 min,Delivered,24.0,251.11
O1038,07-02-2025,2,7,Cust_137,New,Household,Delhi,Wallet,SKU37,Product_37,Beverages,5,10.18,1.02,49.88,2.49,30,15,10-20 min,Delivered,13.0,97.37
O1039,19-02-2025,2,19,Cust_138,Bulk,Cloud Kitchen,Delhi,PhonePe,SKU38,Product_38,Beverages,1,57.38,5.74,51.64,2.58,30,10,20-30 min,Delivered,9.0,94.22
O1040,03-02-2025,2,3,Cust_139,New,Household,Mumbai,Card,SKU39,Product_39,Beverages,3,153.23,7.66,452.0299999999999,22.6,20,15,20-30 min,Cancelled,24.6,509.6299999999999
O1041,18-01-2025,1,18,Cust_140,New,Household,Delhi,UPI,SKU40,Product_40,Frozen,2,40.49,6.07,74.91,3.75,30,0,20-30 min,Delivered,30.0,108.66
O1042,30-01-2025,1,30,Cust_141,Bulk,Cloud Kitchen,Mumbai,NetBanking,SKU41,Product_41,Veg,1,155.08,7.75,147.33,7.37,30,15,20-30 min,Cancelled,24.6,199.7
O1043,15-01-2025,1,15,Cust_142,Bulk,Office,Delhi,Wallet,SKU42,Product_42,Other,1,116.65,0.0,116.65,5.83,30,20,20-30 min,Cancelled,24.6,172.48
O1044,27-01-2025,1,27,Cust_143,New,Household,Delhi,UPI,SKU43,Product_43,Veg,4,281.54,42.23,1083.93,54.2,30,10,20-30 min,Delivered,20.0,1178.13
O1045,20-02-2025,2,20,Cust_144,Bulk,Bakery,Delhi,Card,SKU44,Product_44,Beverages,3,221.18,11.06,652.48,32.62,10,15,10-20 min,Delivered,21.0,710.1
O1046,03-02-2025,2,3,Cust_145,Bulk,Bakery,Delhi,UPI,SKU45,Product_45,Essentials,1,125.58,0.0,125.58,6.28,10,15,10-20 min,Delivered,20.0,156.86
O1047,21-02-2025,2,21,Cust_146,Bulk,Cloud Kitchen,Delhi,Wallet,SKU46,Product_46,Fruits,5,43.66,4.37,213.93,10.7,0,15,10-20 min,Delivered,18.0,239.63
O1048,26-02-2025,2,26,Cust_147,Bulk,Bakery,Delhi,UPI,SKU47,Product_47,Baby,3,46.45,0.0,139.35,6.97,20,0,10-20 min,Delivered,30.0,166.32
O1049,07-02-2025,2,7,Cust_148,New,Household,Delhi,Card,SKU48,Product_48,Dairy,1,164.55,24.68,139.87,6.99,10,5,10-20 min,Delivered,18.0,161.86
O1050,02-02-2025,2,2,Cust_149,Bulk,Tea Stall,Bangalore,PhonePe,SKU49,Product_49,Veg,3,139.22,0.0,417.66,20.88,10,0,20-30 min,Delivered,14.0,448.54
O1051,24-01-2025,1,24,Cust_150,Bulk,Café,Mumbai,NetBanking,SKU50,Product_50,Snacks,6,128.11,0.0,768.6600000000001,38.43,30,0,10-20 min,Cancelled,24.6,837.09
O1052,15-01-2025,1,15,Cust_151,Bulk,Office,Mumbai,COD,SKU51,Product_51,Veg,1,161.32,16.13,145.19,7.26,10,10,10-20 min,Cancelled,24.6,172.45
O1053,01-03-2025,3,1,Cust_152,Returning,Household,Bangalore,Wallet,SKU52,Product_52,Dairy,2,66.82,3.34,130.3,6.51,10,0,10-20 min,Failed,24.6,146.81
O1054,30-01-2025,1,30,Cust_153,Bulk,Café,Mumbai,Wallet,SKU53,Product_53,Beverages,4,144.63,14.46,564.06,28.2,0,10,30-45 min,Delivered,22.0,602.26
O1055,24-02-2025,2,24,Cust_154,Bulk,Tea Stall,Mumbai,GPay,SKU54,Product_54,Baby,1,172.38,8.62,163.76,8.19,10,10,10-20 min,Delivered,31.0,191.95
O1056,11-02-2025,2,11,Cust_155,Bulk,Cloud Kitchen,Bangalore,COD,SKU55,Product_55,Essentials,5,65.74,6.57,322.13,16.11,30,5,10-20 min,Delivered,24.0,373.24
O1057,20-02-2025,2,20,Cust_156,Bulk,Bakery,Delhi,GPay,SKU56,Product_56,Fruits ,2,131.36,19.7,243.02,12.15,30,0,10-20 min,Delivered,32.0,285.1700000000001
O1058,17-01-2025,1,17,Cust_157,Bulk,Office,Delhi,UPI,SKU57,Product_57,Fruits,1,223.85,11.19,212.66,10.63,10,0,10-20 min,Delivered,16.0,233.29
O1059,05-01-2025,1,5,Cust_158,Returning,Household,Delhi,Card,SKU58,Product_58,Essentials,3,110.96,16.64,316.24,15.81,10,0,20-30 min,Delivered,25.0,342.05
O1060,29-01-2025,1,29,Cust_159,Bulk,Office,Mumbai,GPay,SKU59,Product_59,Frozen,2,102.91,5.15,200.67,10.03,30,20,10-20 min,Delivered,20.0,260.7
O1061,04-01-2025,1,4,Cust_160,Bulk,Cloud Kitchen,Delhi,NetBanking,SKU60,Product_60,Bakery,1,106.71,0.0,106.71,5.34,20,10,20-30 min,Delivered,25.0,142.05
O1062,10-01-2025,1,10,Cust_161,Bulk,Office,Mumbai,UPI,SKU61,Product_61,Frozen,3,152.11,0.0,456.33,22.82,0,10,10-20 min,Delivered,27.0,489.15
O1063,25-02-2025,2,25,Cust_162,Bulk,Café,Mumbai,UPI,SKU62,Product_62,Dairy,3,65.26,9.79,185.99,9.3,0,10,10-20 min,Delivered,32.0,205.29
O1064,17-01-2025,1,17,Cust_163,Bulk,Café,Mumbai,PhonePe,SKU63,Product_63,Frozen,3,109.92,10.99,318.77,15.94,20,0,20-30 min,Cancelled,24.6,354.71
O1065,10-01-2025,1,10,Cust_164,Bulk,Office,Bangalore,Card,SKU64,Product_64,Essentials,1,130.03,6.5,123.53,6.18,10,20,10-20 min,Delivered,25.0,159.71
O1066,17-01-2025,1,17,Cust_165,Bulk,Office,Delhi,GPay,SKU65,Product_65,Frozen,3,219.09,32.86,624.41,31.22,10,20,10-20 min,Delivered,30.0,685.63
O1067,01-03-2025,3,1,Cust_166,Bulk,Tea Stall,Mumbai,UPI,SKU66,Product_66,Frozen,1,125.88,12.59,113.29,5.66,10,15,10-20 min,Delivered,21.0,143.95
O1068,20-01-2025,1,20,Cust_167,Bulk,Tea Stall,Delhi,GPay,SKU67,Product_67,Snacks,1,23.63,3.54,20.09,1.0,20,0,10-20 min,Delivered,22.0,41.09
O1069,24-01-2025,1,24,Cust_168,Bulk,Cloud Kitchen,Mumbai,NetBanking,SKU68,Product_68,Bakery,4,140.13,7.01,553.51,27.68,10,15,20-30 min,Delivered,22.0,606.1899999999999
O1070,05-01-2025,1,5,Cust_169,Bulk,Tea Stall,Bangalore,NetBanking,SKU69,Product_69,Fruits ,2,124.87,6.24,243.5,12.18,20,10,10-20 min,Cancelled,24.6,285.68
O1071,03-02-2025,2,3,Cust_170,Bulk,Cloud Kitchen,Bangalore,Wallet,SKU70,Product_70,Beverages,1,79.81,11.97,67.84,3.39,0,10,10-20 min,Delivered,29.0,81.23
O1072,06-01-2025,1,6,Cust_171,Bulk,Office,Delhi,COD,SKU71,Product_71,Essentials,1,206.52,10.33,196.19,9.81,10,5,10-20 min,Delivered,19.0,221.0
O1073,22-02-2025,2,22,Cust_172,Bulk,Cloud Kitchen,Bangalore,Wallet,SKU72,Product_72,Veg,3,128.42,0.0,385.26,19.26,0,15,10-20 min,Delivered,35.0,419.52
O1074,02-01-2025,1,2,Cust_173,Bulk,Bakery,Bangalore,Wallet,SKU73,Product_73,Bakery,1,158.09,7.9,150.19,7.51,20,20,10-20 min,Failed,24.6,197.7
O1075,13-01-2025,1,13,Cust_174,Bulk,Cloud Kitchen,Delhi,UPI,SKU74,Product_74,Essentials,1,50.69,5.07,45.62,2.28,20,10,10-20 min,Delivered,20.0,77.9
O1076,12-02-2025,2,12,Cust_175,Bulk,Cloud Kitchen,Mumbai,COD,SKU75,Product_75,Veg,4,41.05,2.05,162.15,8.11,0,0,20-30 min,Delivered,9.0,170.26
O1077,12-02-2025,2,12,Cust_176,Bulk,Office,Mumbai,UPI,SKU76,Product_76,Dairy,1,122.48,12.25,110.23,5.51,10,15,10-20 min,Delivered,20.0,140.74
O1078,17-02-2025,2,17,Cust_177,Returning,Household,Bangalore,UPI,SKU77,Product_77,Essentials,2,127.82,12.78,242.86,12.14,0,20,20-30 min,Cancelled,24.6,275.0
O1079,11-01-2025,1,11,Cust_178,Bulk,Café,Delhi,UPI,SKU78,Product_78,Essentials,3,234.1,11.71,690.5899999999999,34.53,10,10,10-20 min,Delivered,52.0,745.1199999999999
O1080,20-02-2025,2,20,Cust_179,Bulk,Cloud Kitchen,Bangalore,UPI,SKU79,Product_79,Fruits,1,167.66,8.38,159.28,7.96,20,15,10-20 min,Delivered,39.0,202.24
O1081,16-02-2025,2,16,Cust_180,Bulk,Tea Stall,Bangalore,UPI,SKU80,Product_80,Dairy,1,72.2,3.61,68.59,3.43,0,15,10-20 min,Delivered,14.0,87.02000000000001
O1082,26-02-2025,2,26,Cust_181,Bulk,Bakery,Bangalore,UPI,SKU81,Product_81,Frozen,1,162.21,16.22,145.99,7.3,0,10,20-30 min,Delivered,46.0,163.29
O1083,23-01-2025,1,23,Cust_182,Bulk,Office,Mumbai,NetBanking,SKU82,Product_82,Frozen,1,109.73,10.97,98.76,4.94,10,15,20-30 min,Delivered,19.0,128.7
O1084,24-02-2025,2,24,Cust_183,Returning,Household,Bangalore,NetBanking,SKU83,Product_83,Fruits ,2,163.11,24.47,301.75,15.09,10,10,10-20 min,Failed,24.6,336.84
O1085,16-01-2025,1,16,Cust_184,Bulk,Tea Stall,Delhi,Card,SKU84,Product_84,Bakery,2,100.59,0.0,201.18,10.06,10,15,30-45 min,Delivered,24.0,236.24
O1086,31-01-2025,1,31,Cust_185,Bulk,Cloud Kitchen,Mumbai,Card,SKU85,Product_85,Beverages,5,34.13,5.12,165.53,8.28,30,20,30-45 min,Failed,24.6,223.81
O1087,11-01-2025,1,11,Cust_186,Bulk,Cloud Kitchen,Mumbai,PhonePe,SKU86,Product_86,Dairy,1,81.48,0.0,81.48,4.07,10,5,10-20 min,Delivered,12.0,100.55
O1088,23-02-2025,2,23,Cust_187,Bulk,Tea Stall,Delhi,NetBanking,SKU87,Product_87,Veg,4,148.09,7.4,584.96,29.25,0,5,10-20 min,Cancelled,24.6,619.21
O1089,16-01-2025,1,16,Cust_188,Bulk,Bakery,Bangalore,UPI,SKU88,Product_88,Baby,2,49.56,0.0,99.12,4.96,20,0,10-20 min,Delivered,17.0,124.08
O1090,08-01-2025,1,8,Cust_189,Bulk,Office,Bangalore,GPay,SKU89,Product_89,Dairy,4,187.81,9.39,741.85,37.09,20,0,10-20 min,Delivered,28.0,798.94
O1091,04-01-2025,1,4,Cust_190,Bulk,Office,Bangalore,UPI,SKU90,Product_90,Dairy,5,33.38,1.67,165.23,8.26,10,15,10-20 min,Delivered,20.0,198.49
O1092,09-02-2025,2,9,Cust_191,Bulk,Cloud Kitchen,Bangalore,GPay,SKU91,Product_91,Snacks,1,45.16,2.26,42.9,2.15,0,5,10-20 min,Delivered,27.0,50.05
O1093,04-01-2025,1,4,Cust_192,Bulk,Bakery,Delhi,UPI,SKU92,Product_92,Snacks,2,138.69,0.0,277.38,13.87,0,10,20-30 min,Cancelled,24.6,301.25
O1094,25-02-2025,2,25,Cust_193,New,Household,Bangalore,GPay,SKU93,Product_93,Fruits ,1,159.98,16.0,143.98,7.2,10,10,10-20 min,Delivered,30.0,171.18
O1095,25-01-2025,1,25,Cust_194,Bulk,Bakery,Mumbai,UPI,SKU94,Product_94,Other,2,155.29,7.76,302.82,15.14,20,5,10-20 min,Delivered,34.0,342.96
O1096,03-01-2025,1,3,Cust_195,Bulk,Café,Delhi,PhonePe,SKU95,Product_95,Frozen,2,55.24,5.52,104.96,5.25,20,10,20-30 min,Delivered,37.0,140.21
O1097,01-02-2025,2,1,Cust_196,Returning,Household,Mumbai,UPI,SKU96,Product_96,Snacks,1,156.59,7.83,148.76,7.44,20,0,10-20 min,Delivered,29.0,176.2
O1098,03-01-2025,1,3,Cust_197,Bulk,Cloud Kitchen,Mumbai,UPI,SKU97,Product_97,Bakery,3,1.38,0.14,4.0,0.2,20,5,10-20 min,Delivered,35.0,29.2
O1099,27-01-2025,1,27,Cust_198,Bulk,Office,Bangalore,Card,SKU98,Product_98,Veg,4,126.71,12.67,494.17,24.71,10,0,10-20 min,Delivered,8.0,528.88
O1100,29-01-2025,1,29,Cust_199,Bulk,Tea Stall,Bangalore,GPay,SKU99,Product_99,Bakery,5,1.98,0.2,9.700000000000001,0.49,0,0,10-20 min,Delivered,46.0,10.19
O1101,01-02-2025,2,1,Cust_200,Bulk,Tea Stall,Mumbai,GPay,SKU100,Product_100,Snacks,3,90.69,9.07,263.0,13.15,20,20,10-20 min,Delivered,17.0,316.15
O1102,19-02-2025,2,19,Cust_201,Bulk,Café,Delhi,GPay,SKU101,Product_101,Fruits,4,144.4,0.0,577.6,28.88,20,5,10-20 min,Delivered,15.0,631.48
O1103,27-02-2025,2,27,Cust_202,Bulk,Café,Mumbai,UPI,SKU102,Product_102,Veg,3,177.47,0.0,532.41,26.62,0,5,10-20 min,Delivered,25.0,564.03
O1104,20-02-2025,2,20,Cust_203,Bulk,Cloud Kitchen,Mumbai,COD,SKU103,Product_103,Beverages,4,25.75,0.0,103.0,5.15,30,10,20-30 min,Delivered,30.0,148.15
O1105,19-01-2025,1,19,Cust_204,Bulk,Office,Bangalore,NetBanking,SKU104,Product_104,Veg,1,127.72,6.39,121.33,6.07,30,15,30-45 min,Failed,24.6,172.4
O1106,21-01-2025,1,21,Cust_205,Bulk,Tea Stall,Delhi,UPI,SKU105,Product_105,Other,7,135.24,13.52,933.1600000000001,46.66,10,20,10-20 min,Delivered,23.0,1009.82
O1107,05-01-2025,1,5,Cust_206,Bulk,Cloud Kitchen,Delhi,Card,SKU106,Product_106,Essentials,1,126.87,6.34,120.53,6.03,20,0,10-20 min,Delivered,26.0,146.56
O1108,18-01-2025,1,18,Cust_207,Bulk,Café,Bangalore,Wallet,SKU107,Product_107,Fruits ,1,112.65,16.9,95.75,4.79,0,15,10-20 min,Failed,24.6,115.54
O1109,28-01-2025,1,28,Cust_208,New,Household,Bangalore,Card,SKU108,Product_108,Baby,3,126.61,18.99,360.84,18.04,20,20,10-20 min,Delivered,31.0,418.88
O1110,11-02-2025,2,11,Cust_209,Bulk,Café,Mumbai,NetBanking,SKU109,Product_109,Bakery,1,166.87,0.0,166.87,8.34,10,15,20-30 min,Delivered,15.0,200.21
O1111,22-01-2025,1,22,Cust_210,Bulk,Café,Bangalore,PhonePe,SKU110,Product_110,Dairy,1,134.97,20.25,114.72,5.74,30,0,10-20 min,Delivered,14.0,150.46
O1112,21-01-2025,1,21,Cust_211,Bulk,Cloud Kitchen,Bangalore,NetBanking,SKU111,Product_111,Fruits ,2,95.75,14.36,177.14,8.86,30,0,30-45 min,Delivered,27.0,216.0
O1113,06-01-2025,1,6,Cust_212,Returning,Household,Delhi,Wallet,SKU112,Product_112,Bakery,4,121.16,12.12,472.52,23.63,20,10,10-20 min,Delivered,49.0,526.15
O1114,01-01-2025,1,1,Cust_213,Returning,Household,Mumbai,COD,SKU113,Product_113,Frozen,4,184.99,0.0,739.96,37.0,30,15,10-20 min,Delivered,19.0,821.96
O1115,05-01-2025,1,5,Cust_214,Bulk,Tea Stall,Delhi,Wallet,SKU114,Product_114,Frozen,3,80.47,4.02,237.39,11.87,30,5,20-30 min,Delivered,23.0,284.26
O1116,10-02-2025,2,10,Cust_215,Bulk,Bakery,Bangalore,NetBanking,SKU115,Product_115,Fruits ,1,158.09,23.71,134.38,6.72,20,5,10-20 min,Delivered,48.0,166.1
O1117,12-01-2025,1,12,Cust_216,Bulk,Bakery,Delhi,NetBanking,SKU116,Product_116,Veg,1,88.76,4.44,84.32000000000001,4.22,20,0,20-30 min,Delivered,10.0,108.54
O1118,26-01-2025,1,26,Cust_217,Bulk,Bakery,Mumbai,COD,SKU117,Product_117,Fruits ,2,149.17,22.38,275.96,13.8,0,10,10-20 min,Cancelled,24.6,299.76
O1119,15-02-2025,2,15,Cust_218,New,Household,Bangalore,GPay,SKU118,Product_118,Bakery,1,182.12,9.11,173.01,8.65,20,20,10-20 min,Delivered,12.0,221.66
O1120,03-02-2025,2,3,Cust_219,Bulk,Café,Bangalore,NetBanking,SKU119,Product_119,Fruits,1,71.34,7.13,64.21000000000001,3.21,30,0,10-20 min,Delivered,17.0,97.42
O1121,18-02-2025,2,18,Cust_220,Bulk,Office,Bangalore,UPI,SKU120,Product_120,Bakery,4,49.52,4.95,193.13,9.66,10,5,10-20 min,Delivered,32.0,217.79
O1122,14-01-2025,1,14,Cust_221,Bulk,Office,Mumbai,Card,SKU121,Product_121,Fruits ,3,123.47,0.0,370.41,18.52,0,0,10-20 min,Returned,24.6,388.9299999999999
O1123,26-01-2025,1,26,Cust_222,Bulk,Café,Delhi,Wallet,SKU122,Product_122,Veg,1,262.74,26.27,236.47,11.82,20,15,10-20 min,Delivered,28.0,283.29
O1124,14-02-2025,2,14,Cust_223,Bulk,Café,Mumbai,GPay,SKU123,Product_123,Snacks,2,63.62,3.18,124.06,6.2,10,5,20-30 min,Delivered,36.0,145.26
O1125,27-01-2025,1,27,Cust_224,Bulk,Cloud Kitchen,Mumbai,NetBanking,SKU124,Product_124,Beverages,3,15.57,0.0,46.71,2.34,20,20,20-30 min,Delivered,31.0,89.05
O1126,09-01-2025,1,9,Cust_225,New,Household,Delhi,UPI,SKU125,Product_125,Dairy,2,62.87,9.43,116.31,5.82,20,20,10-20 min,Delivered,20.0,162.13
O1127,26-01-2025,1,26,Cust_226,Bulk,Tea Stall,Bangalore,GPay,SKU126,Product_126,Snacks,3,224.85,22.48,652.0699999999999,32.6,30,10,10-20 min,Delivered,22.0,724.67
O1128,26-02-2025,2,26,Cust_227,Bulk,Cloud Kitchen,Mumbai,UPI,SKU127,Product_127,Beverages,1,155.27,15.53,139.74,6.99,10,0,10-20 min,Delivered,31.0,156.73
O1129,16-02-2025,2,16,Cust_228,Bulk,Bakery,Bangalore,Wallet,SKU128,Product_128,Snacks,3,63.15,9.47,179.98,9.0,10,15,10-20 min,Delivered,27.0,213.98
O1130,26-02-2025,2,26,Cust_229,Bulk,Bakery,Delhi,GPay,SKU129,Product_129,Snacks,2,108.09,0.0,216.18,10.81,30,0,10-20 min,Delivered,16.0,256.99
O1131,22-01-2025,1,22,Cust_230,Bulk,Cloud Kitchen,Mumbai,UPI,SKU130,Product_130,Beverages,5,151.86,0.0,759.3000000000001,37.97,10,0,10-20 min,Delivered,28.0,807.2700000000001
O1133,25-02-2025,2,25,Cust_232,Returning,Household,Bangalore,GPay,SKU132,Product_132,Baby,1,272.94,40.94,232.0,11.6,30,5,10-20 min,Delivered,30.0,278.6
O1134,30-01-2025,1,30,Cust_233,Bulk,Bakery,Delhi,COD,SKU133,Product_133,Frozen,1,172.24,17.22,155.02,7.75,30,10,30-45 min,Delivered,34.0,202.77
O1135,12-02-2025,2,12,Cust_234,Bulk,Office,Mumbai,Card,SKU134,Product_134,Dairy,2,136.12,20.42,251.82,12.59,10,5,10-20 min,Delivered,18.0,279.41
O1136,17-02-2025,2,17,Cust_235,New,Household,Bangalore,COD,SKU135,Product_135,Snacks,1,115.19,17.28,97.91,4.9,10,15,10-20 min,Delivered,17.0,127.81
O1137,17-01-2025,1,17,Cust_236,Bulk,Office,Mumbai,Wallet,SKU136,Product_136,Fruits,1,129.05,6.45,122.6,6.13,0,15,10-20 min,Delivered,6.0,143.73
O1138,26-01-2025,1,26,Cust_237,Bulk,Café,Bangalore,PhonePe,SKU137,Product_137,Veg,4,39.6,5.94,152.46,7.62,30,20,20-30 min,Delivered,29.0,210.08
O1139,05-02-2025,2,5,Cust_238,Bulk,Tea Stall,Bangalore,Wallet,SKU138,Product_138,Veg,4,156.83,15.68,611.6400000000001,30.58,30,15,10-20 min,Delivered,22.0,687.2200000000001
O1140,01-01-2025,1,1,Cust_239,Bulk,Office,Mumbai,PhonePe,SKU139,Product_139,Baby,2,118.71,11.87,225.55,11.28,10,10,20-30 min,Delivered,24.0,256.83
O1141,08-01-2025,1,8,Cust_240,Bulk,Office,Delhi,COD,SKU140,Product_140,Essentials,1,142.16,21.32,120.84,6.04,0,10,20-30 min,Delivered,20.0,136.88
O1142,18-02-2025,2,18,Cust_241,Bulk,Tea Stall,Mumbai,GPay,SKU141,Product_141,Other,3,123.21,12.32,357.31,17.87,10,20,20-30 min,Delivered,34.0,405.18
O1143,04-02-2025,2,4,Cust_242,Bulk,Office,Delhi,PhonePe,SKU142,Product_142,Snacks,1,109.47,16.42,93.05,4.65,30,20,20-30 min,Delivered,24.0,147.7
O1144,21-02-2025,2,21,Cust_243,Bulk,Café,Mumbai,UPI,SKU143,Product_143,Snacks,1,56.04,0.0,56.04,2.8,30,15,10-20 min,Returned,24.6,103.84
O1145,15-01-2025,1,15,Cust_244,Bulk,Tea Stall,Mumbai,NetBanking,SKU144,Product_144,Frozen,4,102.06,10.21,398.03,19.9,20,15,20-30 min,Delivered,19.0,452.93
O1146,16-02-2025,2,16,Cust_245,Bulk,Tea Stall,Bangalore,GPay,SKU145,Product_145,Beverages,2,122.39,12.24,232.54,11.63,10,15,10-20 min,Cancelled,24.6,269.17
O1147,25-02-2025,2,25,Cust_246,Bulk,Office,Delhi,PhonePe,SKU146,Product_146,Dairy,1,15.92,2.39,13.53,0.68,0,10,10-20 min,Returned,24.6,24.21
O1148,22-01-2025,1,22,Cust_247,Bulk,Cloud Kitchen,Delhi,NetBanking,SKU147,Product_147,Veg,3,70.59,0.0,211.77,10.59,20,10,20-30 min,Delivered,25.0,252.36
O1149,14-01-2025,1,14,Cust_248,Bulk,Tea Stall,Mumbai,Wallet,SKU148,Product_148,Beverages,1,126.76,19.01,107.75,5.39,30,0,10-20 min,Delivered,33.0,143.14
O1150,26-01-2025,1,26,Cust_249,Bulk,Tea Stall,Delhi,UPI,SKU149,Product_149,Other,1,9.87,0.99,8.879999999999999,0.44,20,5,30-45 min,Delivered,25.0,34.32
O1151,28-01-2025,1,28,Cust_250,Bulk,Office,Mumbai,GPay,SKU150,Product_150,Fruits ,1,39.82,5.97,33.85,1.69,10,5,10-20 min,Delivered,25.0,50.54
O1152,23-01-2025,1,23,Cust_251,Bulk,Bakery,Bangalore,Wallet,SKU151,Product_151,Veg,3,67.87,3.39,200.22,10.01,20,10,30-45 min,Delivered,19.0,240.23
O1153,14-01-2025,1,14,Cust_252,Bulk,Cloud Kitchen,Delhi,UPI,SKU152,Product_152,Bakery,1,104.24,0.0,104.24,5.21,20,15,10-20 min,Delivered,15.0,144.45
O1154,24-01-2025,1,24,Cust_253,Bulk,Cloud Kitchen,Delhi,NetBanking,SKU153,Product_153,Fruits,3,155.19,23.28,442.29,22.11,10,15,30-45 min,Delivered,21.0,489.4
O1155,02-01-2025,1,2,Cust_254,Bulk,Bakery,Mumbai,Card,SKU154,Product_154,Fruits,2,120.19,6.01,234.37,11.72,20,5,20-30 min,Delivered,37.0,271.09
O1156,14-02-2025,2,14,Cust_255,Bulk,Tea Stall,Mumbai,COD,SKU155,Product_155,Frozen,2,84.35,8.44,160.26,8.01,30,0,30-45 min,Delivered,26.0,198.27
O1157,26-01-2025,1,26,Cust_256,Bulk,Office,Mumbai,PhonePe,SKU156,Product_156,Beverages,3,124.97,0.0,374.91,18.75,20,0,20-30 min,Delivered,17.0,413.66
O1158,14-01-2025,1,14,Cust_257,Bulk,Bakery,Delhi,COD,SKU157,Product_157,Baby,1,167.22,25.08,142.14,7.11,30,10,10-20 min,Delivered,35.0,189.25
O1159,28-02-2025,2,28,Cust_258,Bulk,Office,Delhi,NetBanking,SKU158,Product_158,Dairy,3,134.41,0.0,403.23,20.16,20,15,30-45 min,Delivered,37.0,458.39
O1160,25-02-2025,2,25,Cust_259,New,Household,Bangalore,UPI,SKU159,Product_159,Other,1,160.19,24.03,136.16,6.81,30,15,10-20 min,Failed,24.6,187.97
O1161,20-02-2025,2,20,Cust_260,Bulk,Cloud Kitchen,Delhi,UPI,SKU160,Product_160,Frozen,2,183.61,9.18,358.04,17.9,30,15,10-20 min,Failed,24.6,420.94
O1162,07-01-2025,1,7,Cust_261,Bulk,Cloud Kitchen,Bangalore,Card,SKU161,Product_161,Frozen,1,110.9,5.55,105.35,5.27,10,0,10-20 min,Delivered,35.0,120.62
O1163,03-01-2025,1,3,Cust_262,Bulk,Bakery,Delhi,UPI,SKU162,Product_162,Baby,1,63.63,6.36,57.27,2.86,20,20,10-20 min,Delivered,36.0,100.13
O1164,16-02-2025,2,16,Cust_263,Bulk,Café,Mumbai,NetBanking,SKU163,Product_163,Beverages,1,49.77,0.0,49.77,2.49,10,15,20-30 min,Delivered,27.0,77.26
O1165,23-01-2025,1,23,Cust_264,Bulk,Tea Stall,Delhi,Card,SKU164,Product_164,Frozen,1,31.68,0.0,31.68,1.58,0,15,10-20 min,Returned,24.6,48.26
O1166,15-02-2025,2,15,Cust_265,Returning,Household,Mumbai,Card,SKU165,Product_165,Snacks,1,89.36,4.47,84.89,4.24,10,20,10-20 min,Delivered,36.0,119.13
O1167,12-02-2025,2,12,Cust_266,Bulk,Tea Stall,Delhi,GPay,SKU166,Product_166,Snacks,1,173.22,0.0,173.22,8.66,30,5,20-30 min,Cancelled,24.6,216.88
O1168,16-02-2025,2,16,Cust_267,Returning,Household,Delhi,Card,SKU167,Product_167,Snacks,3,136.86,0.0,410.58,20.53,30,15,10-20 min,Delivered,19.0,476.11
O1169,01-03-2025,3,1,Cust_268,Bulk,Office,Mumbai,PhonePe,SKU168,Product_168,Frozen,2,131.56,6.58,256.54,12.83,0,0,10-20 min,Returned,24.6,269.37
O1170,14-02-2025,2,14,Cust_269,New,Household,Bangalore,GPay,SKU169,Product_169,Frozen,7,79.87,7.99,551.1,27.56,0,15,10-20 min,Delivered,22.0,593.66
O1171,18-01-2025,1,18,Cust_270,Bulk,Tea Stall,Delhi,UPI,SKU170,Product_170,Snacks,5,50.94,0.0,254.7,12.73,0,0,10-20 min,Cancelled,24.6,267.43
O1172,27-02-2025,2,27,Cust_271,New,Household,Delhi,UPI,SKU171,Product_171,Dairy,3,226.95,0.0,680.8499999999999,34.04,30,5,10-20 min,Failed,24.6,749.8899999999999
O1173,07-02-2025,2,7,Cust_272,Bulk,Café,Delhi,COD,SKU172,Product_172,Dairy,4,69.12,3.46,273.02,13.65,20,0,10-20 min,Delivered,39.0,306.67
O1174,04-02-2025,2,4,Cust_273,Returning,Household,Mumbai,NetBanking,SKU173,Product_173,Fruits,2,61.13,0.0,122.26,6.11,20,15,20-30 min,Delivered,16.0,163.37
O1175,20-02-2025,2,20,Cust_274,New,Household,Bangalore,GPay,SKU174,Product_174,Fruits ,5,149.27,22.39,723.96,36.2,0,10,10-20 min,Returned,24.6,770.1600000000001
O1176,15-01-2025,1,15,Cust_275,Bulk,Tea Stall,Delhi,UPI,SKU175,Product_175,Beverages,2,100.4,10.04,190.76,9.54,20,5,10-20 min,Returned,24.6,225.3
O1177,25-01-2025,1,25,Cust_276,Bulk,Office,Bangalore,UPI,SKU176,Product_176,Essentials,6,164.01,0.0,984.06,49.2,0,15,20-30 min,Failed,24.6,1048.26
O1178,24-02-2025,2,24,Cust_277,Bulk,Café,Mumbai,UPI,SKU177,Product_177,Snacks,2,209.46,0.0,418.92,20.95,20,10,10-20 min,Delivered,3.0,469.87
O1179,06-02-2025,2,6,Cust_278,Bulk,Café,Bangalore,GPay,SKU178,Product_178,Beverages,7,59.12,5.91,407.9299999999999,20.4,30,10,30-45 min,Delivered,18.0,468.3299999999999
O1180,28-01-2025,1,28,Cust_279,New,Household,Delhi,Wallet,SKU179,Product_179,Dairy,3,173.78,26.07,495.27,24.76,10,10,10-20 min,Delivered,47.0,540.0300000000001
O1181,10-01-2025,1,10,Cust_280,Bulk,Cloud Kitchen,Bangalore,Wallet,SKU180,Product_180,Baby,1,123.68,12.37,111.31,5.57,0,15,10-20 min,Delivered,48.0,131.88
O1182,08-02-2025,2,8,Cust_281,Bulk,Bakery,Bangalore,Card,SKU181,Product_181,Essentials,3,164.33,0.0,492.99,24.65,10,5,20-30 min,Delivered,32.0,532.64
O1183,26-02-2025,2,26,Cust_282,Bulk,Café,Bangalore,GPay,SKU182,Product_182,Fruits ,4,152.0,22.8,585.2,29.26,20,15,10-20 min,Delivered,15.0,649.46
O1184,17-01-2025,1,17,Cust_283,Bulk,Café,Mumbai,UPI,SKU183,Product_183,Bakery,3,151.31,0.0,453.93,22.7,30,20,20-30 min,Delivered,41.0,526.63
O1185,08-02-2025,2,8,Cust_284,Bulk,Cloud Kitchen,Mumbai,Card,SKU184,Product_184,Fruits,3,69.48,6.95,201.49,10.07,10,5,10-20 min,Delivered,26.0,226.56
O1186,22-01-2025,1,22,Cust_285,Bulk,Tea Stall,Mumbai,UPI,SKU185,Product_185,Snacks,1,141.54,7.08,134.46,6.72,0,20,30-45 min,Delivered,24.0,161.18
O1187,26-01-2025,1,26,Cust_286,Bulk,Office,Bangalore,Card,SKU186,Product_186,Dairy,1,168.8,0.0,168.8,8.44,10,20,20-30 min,Cancelled,24.6,207.24
O1188,13-02-2025,2,13,Cust_287,Bulk,Bakery,Delhi,Wallet,SKU187,Product_187,Veg,2,204.55,30.68,378.42,18.92,20,0,10-20 min,Delivered,27.0,417.34
O1189,25-01-2025,1,25,Cust_288,Returning,Household,Delhi,GPay,SKU188,Product_188,Veg,3,138.14,6.91,407.5099999999999,20.38,0,20,20-30 min,Cancelled,24.6,447.8899999999999
O1190,17-01-2025,1,17,Cust_289,Bulk,Cloud Kitchen,Bangalore,UPI,SKU189,Product_189,Beverages,3,0.86,0.09,2.49,0.12,10,5,20-30 min,Delivered,17.0,17.61
O1191,13-01-2025,1,13,Cust_290,Bulk,Cloud Kitchen,Delhi,Card,SKU190,Product_190,Veg,4,101.69,0.0,406.76,20.34,30,5,10-20 min,Failed,24.6,462.1
O1192,20-01-2025,1,20,Cust_291,Bulk,Cloud Kitchen,Bangalore,NetBanking,SKU191,Product_191,Dairy,5,164.62,8.23,814.87,40.74,0,20,20-30 min,Delivered,22.0,875.61
O1193,25-01-2025,1,25,Cust_292,Bulk,Tea Stall,Delhi,UPI,SKU192,Product_192,Veg,2,137.35,0.0,274.7,13.73,30,20,20-30 min,Delivered,34.0,338.43
O1194,04-01-2025,1,4,Cust_293,Bulk,Cloud Kitchen,Bangalore,Wallet,SKU193,Product_193,Beverages,1,73.66,3.68,69.97999999999999,3.5,10,5,10-20 min,Delivered,33.0,88.47999999999999
O1195,10-01-2025,1,10,Cust_294,Bulk,Bakery,Bangalore,COD,SKU194,Product_194,Baby,1,170.98,0.0,170.98,8.55,30,0,20-30 min,Delivered,40.0,209.53
O1196,03-01-2025,1,3,Cust_295,Bulk,Tea Stall,Bangalore,UPI,SKU195,Product_195,Frozen,3,53.19,0.0,159.57,7.98,10,10,10-20 min,Delivered,40.0,187.55
O1197,10-02-2025,2,10,Cust_296,Bulk,Office,Bangalore,UPI,SKU196,Product_196,Fruits ,3,161.34,8.07,475.95,23.8,20,0,10-20 min,Delivered,25.0,519.75
O1198,14-02-2025,2,14,Cust_297,Bulk,Tea Stall,Bangalore,GPay,SKU197,Product_197,Fruits,2,17.42,2.61,32.23,1.61,0,20,20-30 min,Delivered,19.0,53.84
O1199,18-01-2025,1,18,Cust_298,Bulk,Cloud Kitchen,Bangalore,GPay,SKU198,Product_198,Baby,4,103.38,10.34,403.18,20.16,20,15,10-20 min,Delivered,26.0,458.34
O1200,16-02-2025,2,16,Cust_299,Returning,Household,Mumbai,Wallet,SKU199,Product_199,Bakery,2,113.09,11.31,214.87,10.74,20,15,10-20 min,Delivered,21.0,260.61
O1201,05-02-2025,2,5,Cust_0,New,Household,Delhi,UPI,SKU0,Product_0,Frozen,3,127.79,6.39,376.98,18.85,0,20,10-20 min,Delivered,43.0,415.83
O1202,16-02-2025,2,16,Cust_1,Bulk,Cloud Kitchen,Bangalore,Card,SKU1,Product_1,Fruits ,2,73.99,11.1,136.88,6.84,30,10,20-30 min,Delivered,25.0,183.72
O1203,22-01-2025,1,22,Cust_2,Bulk,Office,Mumbai,UPI,SKU2,Product_2,Snacks,4,191.44,9.57,756.1899999999999,37.81,10,10,10-20 min,Delivered,27.0,814.0
O1204,03-02-2025,2,3,Cust_3,New,Household,Bangalore,UPI,SKU3,Product_3,Frozen,3,195.1,19.51,565.79,28.29,20,5,10-20 min,Delivered,32.0,619.0799999999999
O1205,16-02-2025,2,16,Cust_4,Bulk,Tea Stall,Delhi,GPay,SKU4,Product_4,Dairy,6,135.71,6.79,807.47,40.37,10,15,10-20 min,Delivered,20.0,872.84
O1206,08-01-2025,1,8,Cust_5,Bulk,Cloud Kitchen,Bangalore,GPay,SKU5,Product_5,Beverages,8,143.91,7.2,1144.08,57.2,20,15,20-30 min,Delivered,24.0,1236.28
O1207,09-02-2025,2,9,Cust_6,Bulk,Office,Mumbai,Card,SKU6,Product_6,Baby,2,14.79,2.22,27.36,1.37,20,0,10-20 min,Delivered,41.0,48.73
O1208,18-02-2025,2,18,Cust_7,Bulk,Tea Stall,Mumbai,GPay,SKU7,Product_7,Beverages,1,130.24,13.02,117.22,5.86,10,5,10-20 min,Failed,24.6,138.08
O1209,13-02-2025,2,13,Cust_8,Bulk,Tea Stall,Delhi,GPay,SKU8,Product_8,Veg,2,56.19,8.43,103.95,5.2,20,0,10-20 min,Delivered,3.0,129.15
O1210,19-01-2025,1,19,Cust_9,Bulk,Cloud Kitchen,Delhi,PhonePe,SKU9,Product_9,Essentials,1,103.73,5.19,98.54,4.93,30,15,10-20 min,Delivered,18.0,148.47
O1211,11-02-2025,2,11,Cust_10,Bulk,Bakery,Mumbai,NetBanking,SKU10,Product_10,Beverages,4,43.39,4.34,169.22,8.46,10,10,10-20 min,Delivered,34.0,197.68
O1212,10-02-2025,2,10,Cust_11,Bulk,Café,Mumbai,UPI,SKU11,Product_11,Dairy,1,41.69,0.0,41.69,2.08,30,0,30-45 min,Delivered,28.0,73.77
O1213,06-02-2025,2,6,Cust_12,Bulk,Tea Stall,Delhi,PhonePe,SKU12,Product_12,Fruits,3,141.93,21.29,404.5,20.23,20,0,10-20 min,Delivered,34.0,444.73
O1215,21-02-2025,2,21,Cust_14,Bulk,Office,Delhi,Wallet,SKU14,Product_14,Fruits ,1,255.79,38.37,217.42,10.87,30,0,30-45 min,Delivered,31.0,258.29
O1216,26-01-2025,1,26,Cust_15,Bulk,Cloud Kitchen,Mumbai,UPI,SKU15,Product_15,Veg,3,182.03,9.1,536.99,26.85,20,5,10-20 min,Delivered,20.0,588.84
O1217,03-02-2025,2,3,Cust_16,Bulk,Bakery,Delhi,UPI,SKU16,Product_16,Veg,2,74.97,11.25,138.69,6.93,0,15,10-20 min,Delivered,23.0,160.62
O1218,28-02-2025,2,28,Cust_17,Bulk,Cloud Kitchen,Delhi,NetBanking,SKU17,Product_17,Snacks,2,76.59,7.66,145.52,7.28,10,10,20-30 min,Delivered,24.0,172.8
O1219,25-02-2025,2,25,Cust_18,Bulk,Cloud Kitchen,Bangalore,UPI,SKU18,Product_18,Essentials,3,125.04,6.25,368.87,18.44,30,20,10-20 min,Delivered,16.0,437.31
O1220,28-02-2025,2,28,Cust_19,Bulk,Tea Stall,Delhi,UPI,SKU19,Product_19,Frozen,2,51.13,7.67,94.59,4.73,0,10,10-20 min,Delivered,32.0,109.32
O1221,14-02-2025,2,14,Cust_20,Bulk,Café,Bangalore,COD,SKU20,Product_20,Fruits ,1,187.04,9.35,177.69,8.88,10,5,10-20 min,Delivered,24.0,201.57
O1222,06-01-2025,1,6,Cust_21,Bulk,Bakery,Mumbai,UPI,SKU21,Product_21,Snacks,3,157.73,23.66,449.5299999999999,22.48,30,15,10-20 min,Delivered,21.0,517.01
O1223,06-02-2025,2,6,Cust_22,New,Household,Delhi,UPI,SKU22,Product_22,Baby,1,219.49,32.92,186.57,9.33,20,10,10-20 min,Delivered,20.0,225.9
O1224,26-02-2025,2,26,Cust_23,Bulk,Tea Stall,Bangalore,Wallet,SKU23,Product_23,Veg,1,42.99,2.15,40.84,2.04,10,20,20-30 min,Delivered,37.0,72.88
O1225,02-02-2025,2,2,Cust_24,Bulk,Cloud Kitchen,Mumbai,NetBanking,SKU24,Product_24,Frozen,1,242.03,24.2,217.83,10.89,0,20,10-20 min,Delivered,29.0,248.72
O1226,22-02-2025,2,22,Cust_25,Bulk,Cloud Kitchen,Delhi,UPI,SKU25,Product_25,Frozen,3,160.01,0.0,480.03,24.0,20,0,20-30 min,Delivered,23.0,524.03
O1227,22-01-2025,1,22,Cust_26,Bulk,Bakery,Mumbai,Wallet,SKU26,Product_26,Frozen,4,135.22,13.52,527.36,26.37,10,20,20-30 min,Delivered,27.0,583.73
O1228,21-01-2025,1,21,Cust_27,Bulk,Café,Delhi,UPI,SKU27,Product_27,Frozen,1,195.69,29.35,166.34,8.32,0,20,10-20 min,Delivered,15.0,194.66
O1229,06-01-2025,1,6,Cust_28,Bulk,Café,Bangalore,Wallet,SKU28,Product_28,Other,2,206.33,20.63,392.03,19.6,0,10,20-30 min,Delivered,34.0,421.6300000000001
O1230,06-01-2025,1,6,Cust_29,New,Household,Delhi,UPI,SKU29,Product_29,Frozen,6,84.85,4.24,504.86,25.24,10,10,10-20 min,Cancelled,24.6,550.0999999999999
O1231,24-02-2025,2,24,Cust_30,Bulk,Café,Bangalore,COD,SKU30,Product_30,Essentials,2,128.97,6.45,251.49,12.57,0,20,20-30 min,Delivered,32.0,284.06
O1232,17-02-2025,2,17,Cust_31,New,Household,Mumbai,PhonePe,SKU31,Product_31,Snacks,1,193.79,0.0,193.79,9.69,0,20,10-20 min,Cancelled,24.6,223.48
O1233,04-01-2025,1,4,Cust_32,Bulk,Bakery,Delhi,COD,SKU32,Product_32,Snacks,1,243.73,12.19,231.54,11.58,0,15,20-30 min,Delivered,26.0,258.12
O1234,30-01-2025,1,30,Cust_33,Bulk,Tea Stall,Bangalore,COD,SKU33,Product_33,Frozen,1,82.0,12.3,69.7,3.49,0,0,10-20 min,Delivered,30.0,73.19
O1235,11-01-2025,1,11,Cust_34,Bulk,Cloud Kitchen,Mumbai,GPay,SKU34,Product_34,Fruits ,1,128.51,12.85,115.66,5.78,20,0,10-20 min,Delivered,27.0,141.44
O1236,30-01-2025,1,30,Cust_35,Bulk,Cloud Kitchen,Bangalore,Card,SKU35,Product_35,Other,1,26.36,1.32,25.04,1.25,30,5,10-20 min,Cancelled,24.6,61.29
O1237,31-01-2025,1,31,Cust_36,Bulk,Cloud Kitchen,Mumbai,GPay,SKU36,Product_36,Fruits,6,106.51,15.98,623.08,31.15,10,15,10-20 min,Failed,24.6,679.23
O1238,24-01-2025,1,24,Cust_37,Bulk,Cloud Kitchen,Delhi,GPay,SKU37,Product_37,Beverages,1,199.25,0.0,199.25,9.96,0,20,10-20 min,Delivered,26.0,229.21
O1239,24-02-2025,2,24,Cust_38,Bulk,Bakery,Bangalore,Wallet,SKU38,Product_38,Frozen,4,177.48,0.0,709.92,35.5,20,5,10-20 min,Delivered,20.0,770.42
O1240,09-01-2025,1,9,Cust_39,Bulk,Bakery,Delhi,UPI,SKU39,Product_39,Dairy,6,143.91,0.0,863.46,43.17,30,0,10-20 min,Delivered,16.0,936.63
O1241,24-02-2025,2,24,Cust_40,Bulk,Tea Stall,Mumbai,UPI,SKU40,Product_40,Snacks,7,66.76,3.34,463.9800000000001,23.2,10,0,10-20 min,Delivered,23.0,497.1800000000001
O1242,03-01-2025,1,3,Cust_41,Returning,Household,Delhi,Card,SKU41,Product_41,Beverages,1,150.8,7.54,143.26,7.16,10,15,30-45 min,Delivered,11.0,175.42
O1243,20-02-2025,2,20,Cust_42,Bulk,Office,Delhi,Wallet,SKU42,Product_42,Snacks,1,26.47,2.65,23.82,1.19,20,20,30-45 min,Delivered,16.0,65.01
O1244,31-01-2025,1,31,Cust_43,Bulk,Bakery,Mumbai,UPI,SKU43,Product_43,Snacks,4,95.95,9.6,374.2,18.71,30,20,10-20 min,Cancelled,24.6,442.91
O1245,09-02-2025,2,9,Cust_44,Returning,Household,Bangalore,UPI,SKU44,Product_44,Frozen,4,91.99,4.6,363.36,18.17,20,0,10-20 min,Delivered,10.0,401.53
O1246,06-02-2025,2,6,Cust_45,Returning,Household,Mumbai,UPI,SKU45,Product_45,Veg,1,95.95,9.6,86.35000000000001,4.32,0,0,10-20 min,Delivered,4.0,90.67000000000002
O1247,05-02-2025,2,5,Cust_46,Bulk,Office,Delhi,GPay,SKU46,Product_46,Dairy,4,195.15,19.52,761.08,38.05,10,0,10-20 min,Delivered,17.0,809.13
O1248,24-01-2025,1,24,Cust_47,Bulk,Bakery,Mumbai,UPI,SKU47,Product_47,Bakery,1,190.16,9.51,180.65,9.03,10,0,30-45 min,Returned,24.6,199.68
O1249,31-01-2025,1,31,Cust_48,Bulk,Bakery,Mumbai,GPay,SKU48,Product_48,Bakery,5,91.98,0.0,459.9,23.0,0,10,20-30 min,Delivered,35.0,492.9
O1250,06-01-2025,1,6,Cust_49,Bulk,Tea Stall,Mumbai,Card,SKU49,Product_49,Essentials,1,236.38,23.64,212.74,10.64,30,5,10-20 min,Failed,24.6,258.38
O1251,02-01-2025,1,2,Cust_50,Bulk,Bakery,Bangalore,UPI,SKU50,Product_50,Dairy,5,154.46,23.17,749.1300000000001,37.46,30,15,10-20 min,Cancelled,24.6,831.5900000000001
O1252,20-01-2025,1,20,Cust_51,Returning,Household,Bangalore,NetBanking,SKU51,Product_51,Frozen,2,120.79,6.04,235.54,11.78,20,5,20-30 min,Delivered,21.0,272.3200000000001
O1253,28-01-2025,1,28,Cust_52,Bulk,Bakery,Delhi,PhonePe,SKU52,Product_52,Snacks,1,72.95,10.94,62.01000000000001,3.1,0,0,10-20 min,Delivered,17.0,65.11
O1254,11-01-2025,1,11,Cust_53,Returning,Household,Bangalore,NetBanking,SKU53,Product_53,Bakery,3,98.01,9.8,284.23,14.21,0,15,10-20 min,Delivered,38.0,313.44
O1255,04-01-2025,1,4,Cust_54,Bulk,Café,Delhi,UPI,SKU54,Product_54,Essentials,6,144.95,7.25,862.4499999999999,43.12,20,10,20-30 min,Delivered,37.0,935.5699999999999
O1256,15-01-2025,1,15,Cust_55,Bulk,Cloud Kitchen,Bangalore,UPI,SKU55,Product_55,Veg,1,155.9,23.39,132.51,6.63,30,0,10-20 min,Delivered,7.0,169.14
O1257,06-01-2025,1,6,Cust_56,New,Household,Bangalore,Wallet,SKU56,Product_56,Fruits ,1,64.91,0.0,64.91,3.25,10,10,10-20 min,Delivered,28.0,88.16
O1258,23-02-2025,2,23,Cust_57,Bulk,Cloud Kitchen,Mumbai,Wallet,SKU57,Product_57,Essentials,3,240.82,0.0,722.46,36.12,20,5,20-30 min,Delivered,30.0,783.58
O1259,18-02-2025,2,18,Cust_58,Bulk,Office,Mumbai,Wallet,SKU58,Product_58,Other,2,101.24,5.06,197.42,9.87,10,5,10-20 min,Delivered,20.0,222.29
O1260,30-01-2025,1,30,Cust_59,Bulk,Bakery,Bangalore,COD,SKU59,Product_59,Fruits,2,70.71,7.07,134.35,6.72,30,10,20-30 min,Delivered,23.0,181.07
O1261,25-02-2025,2,25,Cust_60,Bulk,Office,Delhi,Card,SKU60,Product_60,Frozen,2,23.19,3.48,42.90000000000001,2.15,10,0,10-20 min,Delivered,22.0,55.05
O1262,07-02-2025,2,7,Cust_61,Returning,Household,Delhi,UPI,SKU61,Product_61,Veg,5,203.98,20.4,999.5,49.98,30,20,10-20 min,Delivered,28.0,1099.48
O1263,20-02-2025,2,20,Cust_62,Bulk,Office,Delhi,UPI,SKU62,Product_62,Bakery,5,129.41,6.47,640.5799999999999,32.03,20,10,10-20 min,Delivered,9.0,702.6099999999999
O1264,26-02-2025,2,26,Cust_63,Bulk,Café,Bangalore,COD,SKU63,Product_63,Dairy,2,51.72,5.17,98.27,4.91,30,20,20-30 min,Returned,24.6,153.18
O1265,02-01-2025,1,2,Cust_64,Bulk,Office,Bangalore,COD,SKU64,Product_64,Essentials,2,68.23,10.23,126.23,6.31,20,5,10-20 min,Delivered,30.0,157.54
O1266,15-01-2025,1,15,Cust_65,Bulk,Tea Stall,Delhi,NetBanking,SKU65,Product_65,Beverages,1,109.04,0.0,109.04,5.45,10,10,30-45 min,Delivered,26.0,134.49
O1267,11-01-2025,1,11,Cust_66,Bulk,Bakery,Delhi,GPay,SKU66,Product_66,Essentials,1,146.82,0.0,146.82,7.34,30,5,20-30 min,Delivered,31.0,189.16
O1268,08-01-2025,1,8,Cust_67,Returning,Household,Delhi,PhonePe,SKU67,Product_67,Dairy,1,78.16,0.0,78.16,3.91,0,0,20-30 min,Cancelled,24.6,82.07
O1269,26-01-2025,1,26,Cust_68,Bulk,Café,Bangalore,PhonePe,SKU68,Product_68,Beverages,1,139.5,0.0,139.5,6.98,20,5,20-30 min,Cancelled,24.6,171.48
O1270,20-02-2025,2,20,Cust_69,New,Household,Delhi,UPI,SKU69,Product_69,Dairy,2,94.6,14.19,175.01,8.75,30,20,10-20 min,Delivered,17.0,233.76
O1271,14-02-2025,2,14,Cust_70,Bulk,Bakery,Bangalore,GPay,SKU70,Product_70,Dairy,2,253.44,25.34,481.54,24.08,20,10,20-30 min,Delivered,41.0,535.62
O1272,13-02-2025,2,13,Cust_71,Bulk,Office,Mumbai,UPI,SKU71,Product_71,Dairy,1,161.21,16.12,145.09,7.25,30,15,10-20 min,Delivered,14.0,197.34
O1273,05-01-2025,1,5,Cust_72,Bulk,Bakery,Delhi,COD,SKU72,Product_72,Essentials,3,94.25,4.71,278.04,13.9,30,0,30-45 min,Delivered,28.0,321.94
O1274,06-01-2025,1,6,Cust_73,Bulk,Tea Stall,Delhi,UPI,SKU73,Product_73,Dairy,4,18.03,1.8,70.32000000000001,3.52,20,15,30-45 min,Delivered,22.0,108.84
O1275,26-01-2025,1,26,Cust_74,Bulk,Tea Stall,Bangalore,UPI,SKU74,Product_74,Veg,1,27.52,2.75,24.77,1.24,10,20,20-30 min,Delivered,31.0,56.01
O1276,23-02-2025,2,23,Cust_75,Bulk,Cloud Kitchen,Delhi,COD,SKU75,Product_75,Fruits,3,189.74,18.97,550.25,27.51,0,10,20-30 min,Cancelled,24.6,587.76
O1277,04-01-2025,1,4,Cust_76,Bulk,Café,Delhi,GPay,SKU76,Product_76,Dairy,1,23.71,3.56,20.15,1.01,10,10,10-20 min,Delivered,13.0,41.16
O1278,19-01-2025,1,19,Cust_77,Bulk,Bakery,Bangalore,PhonePe,SKU77,Product_77,Frozen,4,117.22,17.58,451.3,22.57,0,15,20-30 min,Delivered,26.0,488.87
O1279,20-01-2025,1,20,Cust_78,Bulk,Cloud Kitchen,Mumbai,Wallet,SKU78,Product_78,Dairy,1,122.51,12.25,110.26,5.51,0,5,10-20 min,Delivered,10.0,120.77
O1280,02-02-2025,2,2,Cust_79,Bulk,Tea Stall,Delhi,GPay,SKU79,Product_79,Bakery,5,201.79,0.0,1008.95,50.45,0,5,20-30 min,Delivered,21.0,1064.4
O1281,20-01-2025,1,20,Cust_80,Returning,Household,Delhi,UPI,SKU80,Product_80,Bakery,1,71.12,3.56,67.56,3.38,30,0,10-20 min,Delivered,26.0,100.94
O1282,18-02-2025,2,18,Cust_81,Bulk,Tea Stall,Bangalore,PhonePe,SKU81,Product_81,Dairy,2,54.23,8.13,100.33,5.02,30,15,20-30 min,Delivered,24.0,150.35
O1283,12-01-2025,1,12,Cust_82,Bulk,Tea Stall,Mumbai,Wallet,SKU82,Product_82,Veg,2,231.2,0.0,462.4,23.12,20,5,10-20 min,Failed,24.6,510.52
O1285,01-01-2025,1,1,Cust_84,Bulk,Tea Stall,Bangalore,Wallet,SKU84,Product_84,Frozen,3,161.2,8.06,475.54,23.78,10,5,20-30 min,Delivered,23.0,514.3199999999999
O1286,26-01-2025,1,26,Cust_85,Bulk,Tea Stall,Delhi,UPI,SKU85,Product_85,Dairy,4,121.39,0.0,485.56,24.28,30,0,20-30 min,Failed,24.6,539.84
O1287,14-01-2025,1,14,Cust_86,Bulk,Office,Bangalore,UPI,SKU86,Product_86,Beverages,2,58.19,2.91,113.47,5.67,30,0,10-20 min,Delivered,12.0,149.14
O1288,07-02-2025,2,7,Cust_87,Returning,Household,Delhi,PhonePe,SKU87,Product_87,Veg,4,40.16,2.01,158.63,7.93,20,20,10-20 min,Delivered,3.0,206.56
O1289,06-02-2025,2,6,Cust_88,Bulk,Cloud Kitchen,Bangalore,PhonePe,SKU88,Product_88,Essentials,5,31.41,4.71,152.34,7.62,0,5,10-20 min,Delivered,12.0,164.96
O1290,11-01-2025,1,11,Cust_89,Bulk,Café,Mumbai,Wallet,SKU89,Product_89,Essentials,1,6.43,0.64,5.79,0.29,0,20,10-20 min,Cancelled,24.6,26.08
O1291,05-02-2025,2,5,Cust_90,Bulk,Tea Stall,Mumbai,Wallet,SKU90,Product_90,Essentials,3,138.33,0.0,414.99,20.75,20,15,10-20 min,Delivered,12.0,470.74
O1292,13-01-2025,1,13,Cust_91,Bulk,Cloud Kitchen,Mumbai,UPI,SKU91,Product_91,Fruits ,1,120.38,6.02,114.36,5.72,30,0,20-30 min,Delivered,12.0,150.08
O1293,12-02-2025,2,12,Cust_92,Bulk,Tea Stall,Bangalore,NetBanking,SKU92,Product_92,Frozen,1,39.95,5.99,33.96,1.7,0,15,10-20 min,Delivered,22.0,50.66
O1294,03-01-2025,1,3,Cust_93,Bulk,Cloud Kitchen,Delhi,UPI,SKU93,Product_93,Veg,1,172.57,8.63,163.94,8.2,20,20,30-45 min,Delivered,36.0,212.14
O1295,02-02-2025,2,2,Cust_94,Bulk,Cloud Kitchen,Delhi,GPay,SKU94,Product_94,Beverages,3,61.21,6.12,177.51,8.88,30,5,10-20 min,Delivered,21.0,221.39
O1296,06-01-2025,1,6,Cust_95,New,Household,Mumbai,GPay,SKU95,Product_95,Other,4,114.54,11.45,446.71,22.34,10,0,10-20 min,Returned,24.6,479.05
O1297,19-02-2025,2,19,Cust_96,Bulk,Cloud Kitchen,Delhi,Card,SKU96,Product_96,Bakery,2,24.37,0.0,48.74,2.44,20,5,10-20 min,Delivered,26.0,76.18
O1298,25-02-2025,2,25,Cust_97,Bulk,Café,Delhi,UPI,SKU97,Product_97,Frozen,5,78.84,11.83,382.3700000000001,19.12,10,5,30-45 min,Delivered,18.0,416.4900000000001
O1299,10-01-2025,1,10,Cust_98,Returning,Household,Mumbai,PhonePe,SKU98,Product_98,Baby,4,165.63,8.28,654.24,32.71,0,0,10-20 min,Cancelled,24.6,686.95
O1300,05-01-2025,1,5,Cust_99,Returning,Household,Mumbai,COD,SKU99,Product_99,Frozen,4,81.64,8.16,318.4,15.92,20,20,10-20 min,Returned,24.6,374.32
O1301,23-01-2025,1,23,Cust_100,New,Household,Bangalore,Wallet,SKU100,Product_100,Frozen,1,211.39,0.0,211.39,10.57,0,20,10-20 min,Cancelled,24.6,241.96
O1302,10-01-2025,1,10,Cust_101,Bulk,Bakery,Delhi,UPI,SKU101,Product_101,Snacks,3,165.99,0.0,497.97,24.9,10,20,10-20 min,Delivered,27.0,552.87
O1303,13-02-2025,2,13,Cust_102,Bulk,Office,Delhi,UPI,SKU102,Product_102,Frozen,3,139.2,6.96,410.64,20.53,20,10,10-20 min,Failed,24.6,461.17
O1304,02-01-2025,1,2,Cust_103,Bulk,Cloud Kitchen,Mumbai,GPay,SKU103,Product_103,Snacks,1,113.91,5.7,108.21,5.41,0,0,20-30 min,Delivered,20.0,113.62
O1305,13-01-2025,1,13,Cust_104,Bulk,Tea Stall,Delhi,GPay,SKU104,Product_104,Veg,4,203.97,10.2,805.68,40.28,0,10,10-20 min,Delivered,26.0,855.9599999999999
O1306,09-02-2025,2,9,Cust_105,Bulk,Café,Mumbai,Card,SKU105,Product_105,Fruits ,7,82.95,0.0,580.65,29.03,20,5,10-20 min,Delivered,24.0,634.68
O1307,02-01-2025,1,2,Cust_106,Bulk,Office,Bangalore,Card,SKU106,Product_106,Veg,5,82.4,0.0,412.0,20.6,0,0,10-20 min,Delivered,27.0,432.6
O1308,20-01-2025,1,20,Cust_107,Bulk,Tea Stall,Delhi,UPI,SKU107,Product_107,Baby,3,158.96,15.9,460.98,23.05,10,15,30-45 min,Delivered,21.0,509.03
O1309,01-01-2025,1,1,Cust_108,Bulk,Tea Stall,Delhi,UPI,SKU108,Product_108,Frozen,1,165.27,0.0,165.27,8.26,20,20,10-20 min,Delivered,23.0,213.53
O1310,06-02-2025,2,6,Cust_109,New,Household,Mumbai,COD,SKU109,Product_109,Dairy,2,138.03,0.0,276.06,13.8,20,5,20-30 min,Failed,24.6,314.86
O1311,09-01-2025,1,9,Cust_110,Bulk,Bakery,Mumbai,COD,SKU110,Product_110,Snacks,4,67.21,3.36,265.48,13.27,10,10,10-20 min,Delivered,10.0,298.7499999999999
O1312,17-01-2025,1,17,Cust_111,Bulk,Tea Stall,Delhi,UPI,SKU111,Product_111,Baby,6,77.33,11.6,452.38,22.62,0,0,10-20 min,Delivered,39.0,475.0
O1313,09-01-2025,1,9,Cust_112,Bulk,Office,Bangalore,UPI,SKU112,Product_112,Essentials,1,232.04,0.0,232.04,11.6,0,0,10-20 min,Delivered,35.0,243.64
O1314,11-01-2025,1,11,Cust_113,Bulk,Café,Bangalore,Wallet,SKU113,Product_113,Other,6,95.6,9.56,564.04,28.2,10,15,20-30 min,Delivered,26.0,617.24
O1315,15-01-2025,1,15,Cust_114,Bulk,Bakery,Bangalore,UPI,SKU114,Product_114,Veg,1,38.83,5.82,33.01,1.65,20,15,10-20 min,Delivered,13.0,69.66
O1316,24-01-2025,1,24,Cust_115,Bulk,Tea Stall,Mumbai,PhonePe,SKU115,Product_115,Fruits,4,98.01,0.0,392.04,19.6,30,5,20-30 min,Delivered,17.0,446.64
O1317,07-02-2025,2,7,Cust_116,Bulk,Bakery,Bangalore,UPI,SKU116,Product_116,Frozen,1,56.89,8.53,48.36,2.42,0,15,10-20 min,Delivered,2.0,65.78
O1318,24-02-2025,2,24,Cust_117,Bulk,Tea Stall,Bangalore,PhonePe,SKU117,Product_117,Veg,1,159.95,23.99,135.96,6.8,0,15,20-30 min,Delivered,29.0,157.76
O1319,04-02-2025,2,4,Cust_118,Bulk,Bakery,Delhi,PhonePe,SKU118,Product_118,Other,2,78.88,7.89,149.87,7.49,10,0,10-20 min,Delivered,37.0,167.36
O1320,30-01-2025,1,30,Cust_119,Bulk,Bakery,Bangalore,Wallet,SKU119,Product_119,Beverages,1,80.31,12.05,68.26,3.41,30,15,10-20 min,Delivered,40.0,116.67
O1321,31-01-2025,1,31,Cust_120,Bulk,Bakery,Delhi,UPI,SKU120,Product_120,Beverages,4,97.01,4.85,383.19,19.16,20,0,10-20 min,Failed,24.6,422.35
O1322,18-02-2025,2,18,Cust_121,Bulk,Tea Stall,Bangalore,COD,SKU121,Product_121,Beverages,4,139.87,13.99,545.49,27.27,20,10,10-20 min,Delivered,41.0,602.76
O1323,05-01-2025,1,5,Cust_122,Bulk,Café,Bangalore,UPI,SKU122,Product_122,Dairy,2,270.05,0.0,540.1,27.01,30,20,20-30 min,Delivered,24.0,617.11
O1324,01-03-2025,3,1,Cust_123,Bulk,Tea Stall,Mumbai,COD,SKU123,Product_123,Snacks,3,165.49,24.82,471.65,23.58,0,5,20-30 min,Failed,24.6,500.23
O1325,13-02-2025,2,13,Cust_124,Bulk,Cloud Kitchen,Mumbai,Card,SKU124,Product_124,Beverages,1,95.11,4.76,90.35,4.52,10,20,10-20 min,Delivered,31.0,124.87
O1326,19-02-2025,2,19,Cust_125,New,Household,Bangalore,UPI,SKU125,Product_125,Fruits,2,120.27,0.0,240.54,12.03,10,15,10-20 min,Delivered,23.0,277.57
O1327,14-01-2025,1,14,Cust_126,Bulk,Cloud Kitchen,Mumbai,NetBanking,SKU126,Product_126,Dairy,4,158.37,0.0,633.48,31.67,30,10,10-20 min,Delivered,31.0,705.15
O1328,22-02-2025,2,22,Cust_127,Bulk,Bakery,Bangalore,COD,SKU127,Product_127,Dairy,5,117.84,11.78,577.4200000000001,28.87,0,10,30-45 min,Cancelled,24.6,616.2900000000001
O1329,25-02-2025,2,25,Cust_128,Bulk,Cloud Kitchen,Mumbai,PhonePe,SKU128,Product_128,Baby,2,166.51,8.33,324.69,16.23,20,10,10-20 min,Delivered,34.0,370.92
O1330,11-01-2025,1,11,Cust_129,Bulk,Office,Delhi,GPay,SKU129,Product_129,Dairy,2,143.89,21.58,266.2,13.31,30,10,10-20 min,Failed,24.6,319.51
O1331,09-01-2025,1,9,Cust_130,Bulk,Bakery,Delhi,UPI,SKU130,Product_130,Frozen,2,121.89,6.09,237.69,11.88,30,10,30-45 min,Delivered,31.0,289.57
O1332,03-02-2025,2,3,Cust_131,Bulk,Office,Delhi,GPay,SKU131,Product_131,Dairy,2,140.24,7.01,273.47,13.67,20,20,20-30 min,Delivered,14.0,327.14
O1333,12-01-2025,1,12,Cust_132,New,Household,Mumbai,UPI,SKU132,Product_132,Baby,1,99.36,14.9,84.46,4.22,10,15,20-30 min,Delivered,21.0,113.68
O1334,04-02-2025,2,4,Cust_133,Bulk,Cloud Kitchen,Bangalore,GPay,SKU133,Product_133,Fruits ,4,84.77,12.72,326.36,16.32,0,10,10-20 min,Delivered,44.0,352.6799999999999
O1335,04-02-2025,2,4,Cust_134,Bulk,Bakery,Bangalore,COD,SKU134,Product_134,Frozen,5,109.52,5.48,542.12,27.11,0,5,10-20 min,Delivered,25.0,574.23
O1336,01-01-2025,1,1,Cust_135,Bulk,Café,Delhi,GPay,SKU135,Product_135,Dairy,1,44.35,0.0,44.35,2.22,20,20,10-20 min,Failed,24.6,86.57
O1337,09-02-2025,2,9,Cust_136,Bulk,Cloud Kitchen,Bangalore,UPI,SKU136,Product_136,Baby,4,270.18,0.0,1080.72,54.04,0,10,10-20 min,Failed,24.6,1144.76
O1339,01-03-2025,3,1,Cust_138,Bulk,Office,Delhi,UPI,SKU138,Product_138,Frozen,2,108.81,5.44,212.18,10.61,10,15,30-45 min,Cancelled,24.6,247.79
O1340,29-01-2025,1,29,Cust_139,Bulk,Office,Delhi,Wallet,SKU139,Product_139,Veg,3,179.42,8.97,529.29,26.46,10,10,30-45 min,Delivered,10.0,575.75
O1341,08-01-2025,1,8,Cust_140,Bulk,Office,Bangalore,Wallet,SKU140,Product_140,Bakery,4,246.0,36.9,947.1,47.36,0,20,20-30 min,Delivered,23.0,1014.46
O1342,11-01-2025,1,11,Cust_141,Bulk,Tea Stall,Mumbai,Card,SKU141,Product_141,Bakery,2,109.33,5.47,213.19,10.66,20,5,20-30 min,Cancelled,24.6,248.85
O1343,10-02-2025,2,10,Cust_142,Bulk,Tea Stall,Delhi,GPay,SKU142,Product_142,Frozen,3,89.14,0.0,267.42,13.37,30,5,10-20 min,Delivered,31.0,315.79
O1344,06-02-2025,2,6,Cust_143,Bulk,Tea Stall,Mumbai,GPay,SKU143,Product_143,Other,6,125.67,12.57,741.4499999999999,37.07,30,5,10-20 min,Delivered,14.0,813.52
O1345,14-01-2025,1,14,Cust_144,Bulk,Café,Mumbai,NetBanking,SKU144,Product_144,Frozen,3,109.76,0.0,329.28,16.46,20,0,20-30 min,Delivered,15.0,365.74
O1346,01-03-2025,3,1,Cust_145,Bulk,Office,Delhi,Wallet,SKU145,Product_145,Frozen,1,139.15,0.0,139.15,6.96,0,15,10-20 min,Delivered,26.0,161.11
O1347,30-01-2025,1,30,Cust_146,Bulk,Cloud Kitchen,Delhi,Wallet,SKU146,Product_146,Frozen,6,129.77,0.0,778.6200000000001,38.93,10,0,10-20 min,Delivered,31.0,827.5500000000001
O1348,04-02-2025,2,4,Cust_147,New,Household,Bangalore,Wallet,SKU147,Product_147,Veg,3,160.28,24.04,456.8,22.84,20,10,20-30 min,Delivered,36.0,509.64
O1349,21-01-2025,1,21,Cust_148,Bulk,Cloud Kitchen,Delhi,NetBanking,SKU148,Product_148,Beverages,1,171.89,8.59,163.3,8.16,10,20,10-20 min,Delivered,39.0,201.46
O1350,06-02-2025,2,6,Cust_149,Bulk,Tea Stall,Delhi,Wallet,SKU149,Product_149,Essentials,5,102.22,5.11,505.99,25.3,20,15,30-45 min,Failed,24.6,566.29
O1351,05-01-2025,1,5,Cust_150,Bulk,Office,Bangalore,Card,SKU150,Product_150,Other,1,99.61,14.94,84.67,4.23,20,0,20-30 min,Delivered,27.0,108.9
O1352,19-01-2025,1,19,Cust_151,Bulk,Office,Delhi,UPI,SKU151,Product_151,Veg,2,152.57,22.89,282.25,14.11,30,5,10-20 min,Delivered,4.0,331.36
O1354,14-01-2025,1,14,Cust_153,Bulk,Tea Stall,Delhi,Card,SKU153,Product_153,Snacks,5,176.32,17.63,863.9699999999999,43.2,10,10,30-45 min,Delivered,40.0,927.17
O1355,26-01-2025,1,26,Cust_154,Bulk,Tea Stall,Mumbai,UPI,SKU154,Product_154,Essentials,5,19.1,2.87,92.63,4.63,0,5,10-20 min,Delivered,22.0,102.26
O1356,04-01-2025,1,4,Cust_155,Bulk,Café,Bangalore,Wallet,SKU155,Product_155,Dairy,5,117.34,11.73,574.97,28.75,20,15,20-30 min,Returned,24.6,638.72
O1357,25-01-2025,1,25,Cust_156,Bulk,Café,Delhi,UPI,SKU156,Product_156,Bakery,2,134.53,6.73,262.33,13.12,10,5,20-30 min,Delivered,26.0,290.45
O1358,14-02-2025,2,14,Cust_157,Bulk,Café,Mumbai,NetBanking,SKU157,Product_157,Bakery,3,120.44,18.07,343.25,17.16,0,20,10-20 min,Delivered,10.0,380.41
O1359,11-02-2025,2,11,Cust_158,Bulk,Bakery,Mumbai,Wallet,SKU158,Product_158,Snacks,5,93.16,13.97,451.8299999999999,22.59,20,15,20-30 min,Delivered,3.0,509.4199999999999
O1360,25-01-2025,1,25,Cust_159,Returning,Household,Mumbai,NetBanking,SKU159,Product_159,Bakery,1,41.68,2.08,39.6,1.98,20,10,10-20 min,Delivered,23.0,71.58
O1361,18-01-2025,1,18,Cust_160,Bulk,Office,Bangalore,UPI,SKU160,Product_160,Beverages,5,244.2,12.21,1208.79,60.44,30,15,20-30 min,Delivered,32.0,1314.23
O1362,09-02-2025,2,9,Cust_161,Returning,Household,Delhi,GPay,SKU161,Product_161,Essentials,4,130.78,19.62,503.5,25.18,10,10,10-20 min,Delivered,38.0,548.68
O1363,08-01-2025,1,8,Cust_162,Bulk,Tea Stall,Delhi,UPI,SKU162,Product_162,Essentials,2,150.52,22.58,278.46,13.92,30,5,10-20 min,Delivered,14.0,327.3800000000001
O1364,08-02-2025,2,8,Cust_163,Bulk,Café,Delhi,UPI,SKU163,Product_163,Fruits ,3,114.93,11.49,333.3,16.67,30,15,10-20 min,Delivered,6.0,394.97
O1365,09-02-2025,2,9,Cust_164,Bulk,Tea Stall,Bangalore,COD,SKU164,Product_164,Snacks,2,209.47,0.0,418.94,20.95,20,20,10-20 min,Delivered,12.0,479.89
O1366,14-01-2025,1,14,Cust_165,Bulk,Café,Bangalore,GPay,SKU165,Product_165,Baby,2,103.71,0.0,207.42,10.37,20,10,20-30 min,Delivered,26.0,247.79
O1367,01-02-2025,2,1,Cust_166,Returning,Household,Mumbai,UPI,SKU166,Product_166,Snacks,3,122.73,6.14,362.05,18.1,30,5,20-30 min,Delivered,21.0,415.15
O1368,20-02-2025,2,20,Cust_167,Bulk,Bakery,Bangalore,PhonePe,SKU167,Product_167,Dairy,1,157.26,0.0,157.26,7.86,10,15,10-20 min,Cancelled,24.6,190.12
O1369,07-02-2025,2,7,Cust_168,Bulk,Office,Mumbai,NetBanking,SKU168,Product_168,Snacks,2,6.52,0.0,13.04,0.65,30,5,20-30 min,Delivered,33.0,48.69
O1370,02-02-2025,2,2,Cust_169,Bulk,Bakery,Delhi,UPI,SKU169,Product_169,Beverages,4,99.8,0.0,399.2,19.96,0,15,10-20 min,Delivered,48.0,434.16
O1371,23-01-2025,1,23,Cust_170,Bulk,Bakery,Bangalore,UPI,SKU170,Product_170,Snacks,1,150.11,7.51,142.6,7.13,30,15,10-20 min,Delivered,18.0,194.73
O1372,15-01-2025,1,15,Cust_171,Bulk,Café,Bangalore,Card,SKU171,Product_171,Beverages,6,169.56,16.96,1000.4,50.02,0,20,10-20 min,Delivered,26.0,1070.42
O1373,02-02-2025,2,2,Cust_172,Bulk,Office,Bangalore,GPay,SKU172,Product_172,Frozen,2,111.99,16.8,207.18,10.36,0,20,20-30 min,Delivered,26.0,237.54
O1374,25-01-2025,1,25,Cust_173,Bulk,Tea Stall,Bangalore,UPI,SKU173,Product_173,Other,3,104.29,5.21,307.66,15.38,0,10,10-20 min,Delivered,10.0,333.04
O1375,17-01-2025,1,17,Cust_174,Bulk,Cloud Kitchen,Mumbai,UPI,SKU174,Product_174,Fruits,1,22.58,3.39,19.19,0.96,30,0,10-20 min,Delivered,21.0,50.15
O1376,02-02-2025,2,2,Cust_175,Bulk,Cloud Kitchen,Mumbai,UPI,SKU175,Product_175,Other,2,194.37,9.72,379.02,18.95,20,20,10-20 min,Delivered,20.0,437.97
O1377,16-02-2025,2,16,Cust_176,New,Household,Mumbai,PhonePe,SKU176,Product_176,Dairy,1,37.92,5.69,32.23,1.61,0,15,10-20 min,Delivered,13.0,48.84
O1379,02-01-2025,1,2,Cust_178,Bulk,Café,Delhi,UPI,SKU178,Product_178,Veg,3,140.3,0.0,420.9,21.05,20,20,10-20 min,Delivered,15.0,481.95
O1380,14-01-2025,1,14,Cust_179,Bulk,Bakery,Delhi,PhonePe,SKU179,Product_179,Frozen,9,136.81,0.0,1231.29,61.56,30,15,20-30 min,Delivered,25.0,1337.85
O1381,22-02-2025,2,22,Cust_180,Bulk,Cloud Kitchen,Bangalore,UPI,SKU180,Product_180,Fruits ,4,96.97,4.85,383.03,19.15,0,15,10-20 min,Delivered,27.0,417.1799999999999
O1382,09-02-2025,2,9,Cust_181,Bulk,Tea Stall,Mumbai,Card,SKU181,Product_181,Baby,1,118.41,5.92,112.49,5.62,0,5,10-20 min,Delivered,27.0,123.11
O1383,09-02-2025,2,9,Cust_182,Bulk,Office,Mumbai,NetBanking,SKU182,Product_182,Beverages,4,203.46,20.35,793.49,39.67,30,10,20-30 min,Delivered,11.0,873.16
O1384,20-02-2025,2,20,Cust_183,Bulk,Cloud Kitchen,Delhi,PhonePe,SKU183,Product_183,Dairy,1,32.92,0.0,32.92,1.65,20,10,20-30 min,Delivered,19.0,64.57
O1385,08-02-2025,2,8,Cust_184,Bulk,Café,Delhi,NetBanking,SKU184,Product_184,Essentials,4,5.7,0.57,22.23,1.11,30,5,10-20 min,Delivered,27.0,58.34
O1386,20-02-2025,2,20,Cust_185,Bulk,Office,Delhi,UPI,SKU185,Product_185,Other,3,100.87,0.0,302.61,15.13,20,0,10-20 min,Delivered,33.0,337.74
O1387,06-01-2025,1,6,Cust_186,Bulk,Café,Mumbai,COD,SKU186,Product_186,Beverages,2,26.52,1.33,51.71,2.59,20,15,20-30 min,Delivered,53.0,89.3
O1388,06-01-2025,1,6,Cust_187,Bulk,Bakery,Bangalore,GPay,SKU187,Product_187,Snacks,4,87.85,13.18,338.22,16.91,30,0,20-30 min,Delivered,31.0,385.13
O1389,03-01-2025,1,3,Cust_188,Bulk,Cloud Kitchen,Bangalore,UPI,SKU188,Product_188,Beverages,1,129.99,19.5,110.49,5.52,30,20,10-20 min,Delivered,16.0,166.01
O1390,07-01-2025,1,7,Cust_189,Bulk,Bakery,Bangalore,NetBanking,SKU189,Product_189,Dairy,3,50.51,7.58,143.95,7.2,10,20,20-30 min,Delivered,15.0,181.15
O1391,20-02-2025,2,20,Cust_190,Bulk,Office,Bangalore,GPay,SKU190,Product_190,Frozen,1,100.23,10.02,90.21000000000001,4.51,20,0,10-20 min,Delivered,8.0,114.72
O1392,08-01-2025,1,8,Cust_191,Bulk,Cloud Kitchen,Mumbai,COD,SKU191,Product_191,Veg,3,208.68,10.43,615.61,30.78,0,5,20-30 min,Delivered,24.0,651.39
O1393,11-02-2025,2,11,Cust_192,Bulk,Café,Bangalore,PhonePe,SKU192,Product_192,Beverages,1,62.35,0.0,62.35,3.12,30,15,30-45 min,Cancelled,24.6,110.47
O1394,21-02-2025,2,21,Cust_193,Bulk,Cloud Kitchen,Delhi,UPI,SKU193,Product_193,Snacks,4,60.26,6.03,235.01,11.75,20,10,10-20 min,Delivered,32.0,276.76
O1395,15-01-2025,1,15,Cust_194,Bulk,Cloud Kitchen,Mumbai,COD,SKU194,Product_194,Dairy,1,93.3,4.67,88.63,4.43,20,20,10-20 min,Delivered,23.0,133.06
O1396,16-02-2025,2,16,Cust_195,Bulk,Café,Delhi,PhonePe,SKU195,Product_195,Snacks,1,61.65,0.0,61.65,3.08,0,20,10-20 min,Delivered,25.0,84.73
O1397,29-01-2025,1,29,Cust_196,Bulk,Cloud Kitchen,Mumbai,NetBanking,SKU196,Product_196,Snacks,1,130.77,0.0,130.77,6.54,0,20,10-20 min,Delivered,15.0,157.31
O1398,02-02-2025,2,2,Cust_197,Bulk,Office,Bangalore,PhonePe,SKU197,Product_197,Frozen,3,94.38,4.72,278.42,13.92,10,5,10-20 min,Delivered,14.0,307.34
O1399,21-02-2025,2,21,Cust_198,Returning,Household,Delhi,Card,SKU198,Product_198,Veg,5,188.59,9.43,933.5200000000001,46.68,20,15,10-20 min,Delivered,43.0,1015.2
O1400,30-01-2025,1,30,Cust_199,Bulk,Cloud Kitchen,Delhi,NetBanking,SKU199,Product_199,Frozen,4,84.19,12.63,324.13,16.21,20,5,20-30 min,Delivered,8.0,365.34
O1401,08-02-2025,2,8,Cust_200,Bulk,Tea Stall,Delhi,Wallet,SKU0,Product_0,Veg,1,137.46,13.75,123.71,6.19,10,5,10-20 min,Delivered,22.0,144.9
O1402,27-01-2025,1,27,Cust_201,Bulk,Office,Bangalore,UPI,SKU1,Product_1,Snacks,3,53.81,2.69,158.74,7.94,0,5,20-30 min,Delivered,33.0,171.68
O1403,05-02-2025,2,5,Cust_202,Bulk,Tea Stall,Mumbai,NetBanking,SKU2,Product_2,Other,1,142.18,21.33,120.85,6.04,10,0,30-45 min,Delivered,7.0,136.89
O1404,29-01-2025,1,29,Cust_203,Bulk,Café,Mumbai,UPI,SKU3,Product_3,Veg,1,49.34,0.0,49.34,2.47,10,5,20-30 min,Delivered,60.0,66.81
O1405,07-02-2025,2,7,Cust_204,Bulk,Bakery,Delhi,UPI,SKU4,Product_4,Beverages,1,66.35,3.32,63.02999999999999,3.15,0,0,10-20 min,Delivered,24.0,66.17999999999999
O1406,26-02-2025,2,26,Cust_205,Returning,Household,Delhi,NetBanking,SKU5,Product_5,Fruits ,5,95.08,0.0,475.4,23.77,10,20,10-20 min,Delivered,32.0,529.17
O1407,02-02-2025,2,2,Cust_206,Returning,Household,Delhi,UPI,SKU6,Product_6,Veg,1,245.74,12.29,233.45,11.67,10,20,10-20 min,Delivered,11.0,275.12
O1408,06-02-2025,2,6,Cust_207,New,Household,Delhi,UPI,SKU7,Product_7,Veg,1,197.92,19.79,178.13,8.91,10,0,30-45 min,Returned,24.6,197.04
O1409,27-01-2025,1,27,Cust_208,Bulk,Tea Stall,Bangalore,NetBanking,SKU8,Product_8,Beverages,8,61.47,9.22,482.54,24.13,0,5,10-20 min,Delivered,31.0,511.67
O1410,24-02-2025,2,24,Cust_209,Bulk,Café,Bangalore,COD,SKU9,Product_9,Baby,5,103.42,10.34,506.76,25.34,20,0,10-20 min,Delivered,23.0,552.1
O1411,02-02-2025,2,2,Cust_210,Bulk,Office,Bangalore,COD,SKU10,Product_10,Baby,3,80.79,12.12,230.25,11.51,20,15,20-30 min,Delivered,21.0,276.76
O1412,04-01-2025,1,4,Cust_211,Bulk,Cloud Kitchen,Bangalore,UPI,SKU11,Product_11,Frozen,1,193.67,0.0,193.67,9.68,10,5,10-20 min,Delivered,29.0,218.35
O1413,22-01-2025,1,22,Cust_212,Bulk,Office,Mumbai,PhonePe,SKU12,Product_12,Snacks,4,94.26,14.14,362.9,18.15,10,0,30-45 min,Delivered,29.0,391.05
O1414,02-01-2025,1,2,Cust_213,Bulk,Cloud Kitchen,Delhi,GPay,SKU13,Product_13,Veg,6,92.53,13.88,541.3000000000001,27.07,10,10,10-20 min,Delivered,10.0,588.3700000000001
O1415,10-01-2025,1,10,Cust_214,Bulk,Office,Delhi,PhonePe,SKU14,Product_14,Essentials,6,140.77,14.08,830.5400000000001,41.53,20,15,10-20 min,Failed,24.6,907.07
O1416,05-01-2025,1,5,Cust_215,Bulk,Cloud Kitchen,Bangalore,GPay,SKU15,Product_15,Frozen,5,127.78,19.17,619.73,30.99,20,20,10-20 min,Delivered,34.0,690.72
O1417,28-02-2025,2,28,Cust_216,Bulk,Office,Bangalore,UPI,SKU16,Product_16,Fruits,5,214.33,0.0,1071.65,53.58,30,15,10-20 min,Delivered,15.0,1170.23
O1418,10-01-2025,1,10,Cust_217,Bulk,Café,Delhi,UPI,SKU17,Product_17,Frozen,1,122.25,18.34,103.91,5.2,20,15,10-20 min,Delivered,35.0,144.11
O1419,02-02-2025,2,2,Cust_218,Bulk,Office,Bangalore,COD,SKU18,Product_18,Baby,7,117.88,5.89,819.27,40.96,30,10,20-30 min,Delivered,22.0,900.23
O1420,23-02-2025,2,23,Cust_219,Bulk,Office,Delhi,GPay,SKU19,Product_19,Fruits ,3,66.38,6.64,192.5,9.62,10,20,20-30 min,Delivered,21.0,232.12
O1421,07-02-2025,2,7,Cust_220,New,Household,Delhi,UPI,SKU20,Product_20,Snacks,1,114.13,5.71,108.42,5.42,10,10,20-30 min,Delivered,26.0,133.84
O1422,13-01-2025,1,13,Cust_221,Bulk,Café,Delhi,NetBanking,SKU21,Product_21,Snacks,3,195.46,9.77,576.61,28.83,0,15,10-20 min,Delivered,29.0,620.44
O1423,31-01-2025,1,31,Cust_222,Bulk,Office,Bangalore,UPI,SKU22,Product_22,Snacks,1,151.46,15.15,136.31,6.82,20,5,20-30 min,Delivered,21.0,168.13
O1424,16-02-2025,2,16,Cust_223,Bulk,Café,Mumbai,UPI,SKU23,Product_23,Snacks,3,130.29,0.0,390.87,19.54,20,10,20-30 min,Cancelled,24.6,440.41
O1425,05-02-2025,2,5,Cust_224,Bulk,Café,Mumbai,UPI,SKU24,Product_24,Dairy,1,81.45,12.22,69.23,3.46,20,20,10-20 min,Cancelled,24.6,112.69
O1426,14-02-2025,2,14,Cust_225,Bulk,Office,Delhi,UPI,SKU25,Product_25,Baby,4,150.64,7.53,595.03,29.75,10,0,10-20 min,Delivered,21.0,634.78
O1427,24-01-2025,1,24,Cust_226,Bulk,Office,Bangalore,UPI,SKU26,Product_26,Veg,1,81.79,8.18,73.61000000000001,3.68,20,10,20-30 min,Delivered,36.0,107.29
O1428,21-02-2025,2,21,Cust_227,Bulk,Café,Mumbai,Card,SKU27,Product_27,Dairy,3,217.09,21.71,629.56,31.48,20,5,20-30 min,Cancelled,24.6,686.04
O1429,25-02-2025,2,25,Cust_228,Bulk,Café,Delhi,Wallet,SKU28,Product_28,Baby,3,126.18,0.0,378.54,18.93,20,0,20-30 min,Failed,24.6,417.47
O1430,15-01-2025,1,15,Cust_229,Bulk,Office,Mumbai,UPI,SKU29,Product_29,Beverages,1,69.63,3.48,66.14999999999999,3.31,20,15,10-20 min,Delivered,38.0,104.46
O1431,29-01-2025,1,29,Cust_230,Bulk,Bakery,Delhi,UPI,SKU30,Product_30,Snacks,5,253.89,25.39,1244.06,62.2,30,10,10-20 min,Cancelled,24.6,1346.26
O1432,08-01-2025,1,8,Cust_231,Bulk,Café,Delhi,UPI,SKU31,Product_31,Beverages,2,107.84,5.39,210.29,10.51,20,20,20-30 min,Delivered,22.0,260.8
O1433,05-01-2025,1,5,Cust_232,Bulk,Office,Delhi,PhonePe,SKU32,Product_32,Snacks,3,149.57,22.44,426.27,21.31,0,0,10-20 min,Delivered,33.0,447.58
O1434,29-01-2025,1,29,Cust_233,Bulk,Office,Bangalore,COD,SKU33,Product_33,Baby,1,16.97,2.55,14.42,0.72,0,15,30-45 min,Delivered,31.0,30.14
O1436,04-01-2025,1,4,Cust_235,Bulk,Tea Stall,Delhi,NetBanking,SKU35,Product_35,Beverages,4,88.34,13.25,340.11,17.01,30,5,10-20 min,Delivered,26.0,392.12
O1437,12-01-2025,1,12,Cust_236,Bulk,Bakery,Bangalore,Card,SKU36,Product_36,Beverages,1,93.26,9.33,83.93,4.2,0,10,10-20 min,Delivered,45.0,98.13000000000001
O1438,14-02-2025,2,14,Cust_237,Bulk,Bakery,Bangalore,Wallet,SKU37,Product_37,Baby,1,106.99,0.0,106.99,5.35,10,5,10-20 min,Delivered,29.0,127.34
O1439,02-01-2025,1,2,Cust_238,Bulk,Tea Stall,Delhi,PhonePe,SKU38,Product_38,Frozen,1,171.07,25.66,145.41,7.27,10,5,10-20 min,Delivered,37.0,167.68
O1440,27-01-2025,1,27,Cust_239,Bulk,Bakery,Mumbai,NetBanking,SKU39,Product_39,Snacks,1,27.03,1.35,25.68,1.28,0,10,10-20 min,Cancelled,24.6,36.96
O1441,31-01-2025,1,31,Cust_240,Bulk,Office,Mumbai,UPI,SKU40,Product_40,Fruits,1,166.56,16.66,149.9,7.5,20,10,10-20 min,Delivered,23.0,187.4
O1442,20-02-2025,2,20,Cust_241,New,Household,Mumbai,GPay,SKU41,Product_41,Snacks,2,208.43,20.84,396.02,19.8,20,5,20-30 min,Delivered,33.0,440.8200000000001
O1443,20-02-2025,2,20,Cust_242,Bulk,Cloud Kitchen,Mumbai,UPI,SKU42,Product_42,Veg,1,93.13,13.97,79.16,3.96,30,5,10-20 min,Delivered,29.0,118.12
O1444,05-02-2025,2,5,Cust_243,Bulk,Cloud Kitchen,Delhi,Wallet,SKU43,Product_43,Snacks,3,74.24,0.0,222.72,11.14,0,10,10-20 min,Delivered,38.0,243.86
O1445,05-02-2025,2,5,Cust_244,Bulk,Café,Delhi,Wallet,SKU44,Product_44,Veg,5,181.12,27.17,878.4300000000001,43.92,0,15,10-20 min,Delivered,40.0,937.35
O1446,26-01-2025,1,26,Cust_245,Bulk,Office,Delhi,PhonePe,SKU45,Product_45,Baby,1,54.85,8.23,46.62,2.33,10,5,10-20 min,Delivered,46.0,63.95
O1447,12-02-2025,2,12,Cust_246,Bulk,Bakery,Mumbai,Card,SKU46,Product_46,Other,2,190.41,9.52,371.3,18.57,10,0,10-20 min,Delivered,16.0,399.87
O1448,27-01-2025,1,27,Cust_247,Bulk,Cloud Kitchen,Bangalore,GPay,SKU47,Product_47,Bakery,5,138.42,20.76,671.3399999999999,33.57,0,10,20-30 min,Failed,24.6,714.91
O1449,05-01-2025,1,5,Cust_248,Bulk,Bakery,Delhi,COD,SKU48,Product_48,Beverages,1,189.16,18.92,170.24,8.51,30,10,10-20 min,Failed,24.6,218.75
O1450,20-01-2025,1,20,Cust_249,Bulk,Café,Bangalore,UPI,SKU49,Product_49,Baby,1,145.22,0.0,145.22,7.26,0,10,20-30 min,Delivered,27.0,162.48
O1451,11-01-2025,1,11,Cust_250,Bulk,Bakery,Delhi,PhonePe,SKU50,Product_50,Other,1,167.65,0.0,167.65,8.38,20,0,30-45 min,Delivered,22.0,196.03
O1452,10-01-2025,1,10,Cust_251,Bulk,Café,Bangalore,UPI,SKU51,Product_51,Beverages,4,126.75,0.0,507.0,25.35,0,5,10-20 min,Delivered,21.0,537.35
O1453,09-02-2025,2,9,Cust_252,Bulk,Cloud Kitchen,Mumbai,Card,SKU52,Product_52,Frozen,4,59.47,8.92,228.96,11.45,0,10,10-20 min,Delivered,29.0,250.41
O1454,07-02-2025,2,7,Cust_253,Bulk,Cloud Kitchen,Mumbai,PhonePe,SKU53,Product_53,Snacks,1,57.73,2.89,54.84,2.74,10,15,10-20 min,Cancelled,24.6,82.58
O1455,06-01-2025,1,6,Cust_254,Bulk,Cloud Kitchen,Bangalore,UPI,SKU54,Product_54,Frozen,5,64.46,3.22,319.0799999999999,15.95,10,20,10-20 min,Delivered,22.0,365.0299999999999
O1456,08-01-2025,1,8,Cust_255,New,Household,Bangalore,PhonePe,SKU55,Product_55,Beverages,3,85.35,0.0,256.05,12.8,0,5,10-20 min,Delivered,23.0,273.85
O1457,23-01-2025,1,23,Cust_256,Bulk,Cloud Kitchen,Bangalore,NetBanking,SKU56,Product_56,Other,2,129.74,6.49,252.99,12.65,30,5,10-20 min,Delivered,14.0,300.64
O1458,16-02-2025,2,16,Cust_257,Bulk,Office,Delhi,GPay,SKU57,Product_57,Beverages,1,84.77,0.0,84.77,4.24,20,20,10-20 min,Delivered,13.0,129.01
O1459,26-01-2025,1,26,Cust_258,Bulk,Office,Mumbai,PhonePe,SKU58,Product_58,Frozen,1,129.07,0.0,129.07,6.45,0,20,10-20 min,Delivered,44.0,155.52
O1460,15-02-2025,2,15,Cust_259,Bulk,Cloud Kitchen,Mumbai,Card,SKU59,Product_59,Other,4,18.3,1.83,71.37,3.57,10,10,20-30 min,Delivered,38.0,94.94
O1461,12-02-2025,2,12,Cust_260,Bulk,Café,Delhi,NetBanking,SKU60,Product_60,Dairy,3,169.66,0.0,508.98,25.45,10,5,30-45 min,Delivered,34.0,549.4300000000001
O1462,12-01-2025,1,12,Cust_261,Bulk,Café,Mumbai,NetBanking,SKU61,Product_61,Beverages,3,108.3,0.0,324.9,16.25,20,10,10-20 min,Cancelled,24.6,371.15
O1463,26-01-2025,1,26,Cust_262,Bulk,Bakery,Delhi,Card,SKU62,Product_62,Dairy,2,169.81,8.49,331.13,16.56,10,0,10-20 min,Delivered,11.0,357.69
O1464,13-01-2025,1,13,Cust_263,Bulk,Bakery,Delhi,Card,SKU63,Product_63,Dairy,1,165.04,8.25,156.79,7.84,20,20,10-20 min,Returned,24.6,204.63
O1465,09-02-2025,2,9,Cust_264,Bulk,Bakery,Bangalore,Card,SKU64,Product_64,Essentials,3,179.75,8.99,530.26,26.51,0,5,20-30 min,Delivered,26.0,561.77
O1466,18-01-2025,1,18,Cust_265,New,Household,Bangalore,UPI,SKU65,Product_65,Veg,8,155.89,15.59,1231.53,61.58,0,15,10-20 min,Delivered,6.0,1308.11
O1467,25-01-2025,1,25,Cust_266,Bulk,Tea Stall,Delhi,Card,SKU66,Product_66,Dairy,3,259.26,25.93,751.85,37.59,30,15,30-45 min,Delivered,31.0,834.44
O1468,02-02-2025,2,2,Cust_267,New,Household,Mumbai,UPI,SKU67,Product_67,Snacks,3,103.62,5.18,305.68,15.28,0,20,20-30 min,Delivered,29.0,340.96
O1469,16-02-2025,2,16,Cust_268,Bulk,Cloud Kitchen,Bangalore,Wallet,SKU68,Product_68,Beverages,1,216.39,21.64,194.75,9.74,10,20,30-45 min,Delivered,29.0,234.49
O1470,09-02-2025,2,9,Cust_269,Bulk,Bakery,Bangalore,Card,SKU69,Product_69,Frozen,4,128.48,0.0,513.92,25.7,30,15,10-20 min,Delivered,42.0,584.62
O1471,01-03-2025,3,1,Cust_270,Bulk,Office,Delhi,Wallet,SKU70,Product_70,Essentials,1,164.33,24.65,139.68,6.98,0,15,20-30 min,Delivered,37.0,161.66
O1472,12-02-2025,2,12,Cust_271,Bulk,Café,Bangalore,Card,SKU71,Product_71,Frozen,6,139.21,6.96,828.3,41.41,30,5,30-45 min,Delivered,18.0,904.7099999999999
O1473,12-01-2025,1,12,Cust_272,Bulk,Cloud Kitchen,Delhi,Card,SKU72,Product_72,Fruits ,1,74.06,7.41,66.65,3.33,20,0,10-20 min,Delivered,24.0,89.98
O1474,13-02-2025,2,13,Cust_273,New,Household,Bangalore,Wallet,SKU73,Product_73,Beverages,3,117.58,5.88,346.86,17.34,20,0,10-20 min,Delivered,12.0,384.2
O1475,05-02-2025,2,5,Cust_274,Bulk,Bakery,Bangalore,UPI,SKU74,Product_74,Snacks,2,143.91,14.39,273.43,13.67,10,20,10-20 min,Delivered,27.0,317.1
O1476,17-02-2025,2,17,Cust_275,Bulk,Tea Stall,Mumbai,Wallet,SKU75,Product_75,Veg,2,67.73,10.16,125.3,6.27,0,5,20-30 min,Failed,24.6,136.57
O1477,04-01-2025,1,4,Cust_276,Bulk,Café,Bangalore,NetBanking,SKU76,Product_76,Snacks,6,272.5,40.88,1594.12,79.71,10,5,30-45 min,Delivered,23.0,1688.83
O1478,05-01-2025,1,5,Cust_277,Bulk,Cloud Kitchen,Delhi,COD,SKU77,Product_77,Beverages,3,133.98,0.0,401.9399999999999,20.1,10,0,20-30 min,Delivered,17.0,432.04
O1479,25-02-2025,2,25,Cust_278,Bulk,Bakery,Mumbai,Wallet,SKU78,Product_78,Veg,4,53.94,8.09,207.67,10.38,30,10,10-20 min,Delivered,29.0,258.05
O1480,06-02-2025,2,6,Cust_279,Bulk,Office,Bangalore,NetBanking,SKU79,Product_79,Dairy,1,66.28,3.31,62.97,3.15,30,0,20-30 min,Delivered,35.0,96.12
O1481,08-01-2025,1,8,Cust_280,Bulk,Office,Delhi,GPay,SKU80,Product_80,Snacks,1,141.29,14.13,127.16,6.36,0,10,20-30 min,Delivered,23.0,143.52
O1482,11-02-2025,2,11,Cust_281,Bulk,Café,Mumbai,UPI,SKU81,Product_81,Dairy,1,107.58,0.0,107.58,5.38,0,5,10-20 min,Delivered,14.0,117.96
O1483,18-02-2025,2,18,Cust_282,Bulk,Office,Bangalore,UPI,SKU82,Product_82,Dairy,1,172.99,0.0,172.99,8.65,30,10,10-20 min,Delivered,37.0,221.64
O1484,28-01-2025,1,28,Cust_283,Returning,Household,Delhi,PhonePe,SKU83,Product_83,Snacks,7,161.11,8.06,1119.71,55.99,10,10,10-20 min,Delivered,26.0,1195.7
O1485,31-01-2025,1,31,Cust_284,Bulk,Tea Stall,Mumbai,PhonePe,SKU84,Product_84,Veg,1,169.6,16.96,152.64,7.63,0,10,10-20 min,Delivered,29.0,170.27
O1486,27-02-2025,2,27,Cust_285,Bulk,Tea Stall,Mumbai,UPI,SKU85,Product_85,Dairy,5,232.12,23.21,1137.39,56.87,20,0,10-20 min,Returned,24.6,1214.26
O1487,09-01-2025,1,9,Cust_286,Returning,Household,Delhi,COD,SKU86,Product_86,Frozen,3,49.71,7.46,141.67,7.08,0,0,10-20 min,Delivered,12.0,148.75
O1488,23-02-2025,2,23,Cust_287,New,Household,Delhi,PhonePe,SKU87,Product_87,Fruits,5,85.73,12.86,415.79,20.79,10,5,20-30 min,Delivered,32.0,451.58
O1489,20-02-2025,2,20,Cust_288,Returning,Household,Mumbai,Card,SKU88,Product_88,Beverages,2,8.35,1.25,15.45,0.77,20,10,10-20 min,Delivered,23.0,46.22
O1490,29-01-2025,1,29,Cust_289,Bulk,Office,Bangalore,COD,SKU89,Product_89,Essentials,3,97.69,9.77,283.3,14.17,30,0,10-20 min,Delivered,21.0,327.47
O1491,14-01-2025,1,14,Cust_290,Bulk,Café,Delhi,NetBanking,SKU90,Product_90,Beverages,1,60.91,0.0,60.91,3.05,30,10,20-30 min,Delivered,30.0,103.96
O1492,09-02-2025,2,9,Cust_291,Bulk,Café,Bangalore,Card,SKU91,Product_91,Dairy,4,146.91,14.69,572.9499999999999,28.65,30,0,10-20 min,Delivered,20.0,631.5999999999999
O1493,10-02-2025,2,10,Cust_292,Bulk,Office,Mumbai,PhonePe,SKU92,Product_92,Beverages,4,31.06,1.55,122.69,6.13,10,0,20-30 min,Delivered,21.0,138.82
O1494,22-01-2025,1,22,Cust_293,Bulk,Bakery,Bangalore,UPI,SKU93,Product_93,Snacks,5,192.89,9.64,954.81,47.74,0,0,10-20 min,Delivered,5.0,1002.55
O1495,11-01-2025,1,11,Cust_294,Returning,Household,Mumbai,Card,SKU94,Product_94,Bakery,4,227.07,0.0,908.28,45.41,30,0,20-30 min,Delivered,28.0,983.6899999999999
O1496,23-01-2025,1,23,Cust_295,Bulk,Café,Mumbai,Card,SKU95,Product_95,Other,4,4.66,0.0,18.64,0.93,0,10,10-20 min,Delivered,15.0,29.57
O1497,01-01-2025,1,1,Cust_296,Bulk,Tea Stall,Mumbai,NetBanking,SKU96,Product_96,Fruits,2,140.25,14.03,266.47,13.32,20,0,10-20 min,Delivered,22.0,299.79
O1498,15-02-2025,2,15,Cust_297,Bulk,Café,Bangalore,UPI,SKU97,Product_97,Bakery,7,63.66,0.0,445.62,22.28,0,0,20-30 min,Cancelled,24.6,467.9
O1499,06-02-2025,2,6,Cust_298,Bulk,Café,Delhi,GPay,SKU98,Product_98,Fruits ,4,101.67,0.0,406.68,20.33,20,15,10-20 min,Delivered,32.0,462.01
O1500,21-01-2025,1,21,Cust_299,Bulk,Café,Delhi,Wallet,SKU99,Product_99,Essentials,1,198.94,29.84,169.1,8.46,30,15,20-30 min,Delivered,23.0,222.56
